"","track_id","cluster"
"5","TRAAAFD128F92F423A","1"
"9","TRAAARJ128F9320760","1"
"16","TRAABLR128F423B7E3","1"
"19","TRAABVM128F92CA9DC","1"
"24","TRAACER128F4290F96","1"
"25","TRAACFV128F935E50B","1"
"26","TRAACHN128F1489601","1"
"42","TRAADLH12903CA70EE","1"
"49","TRAADQX128F422B4CF","2"
"52","TRAADYB128F92D7E73","2"
"53","TRAADYI128E078FB38","2"
"59","TRAAENC128F1451DE9","1"
"69","TRAAFMS128F933AB23","2"
"73","TRAAFUJ128F933F42B","2"
"75","TRAAGCZ128F93210FD","2"
"76","TRAAGEC128E079252C","1"
"78","TRAAGHM128EF35CF8E","1"
"88","TRAAGPJ128F428CD1B","1"
"91","TRAAGVM128E0784D95","1"
"95","TRAAHEG128E07861C3","2"
"103","TRAAHRF128F92FE234","1"
"108","TRAAHZP12903CA25F4","2"
"109","TRAAIAE128F42AC53D","1"
"116","TRAAIHL128F92E6DDA","1"
"118","TRAAIII128F427D5D8","1"
"125","TRAAJAC128F148B530","1"
"128","TRAAJEK128F422F55A","2"
"131","TRAAJJG128F4284B27","1"
"133","TRAAJMH128E0785407","2"
"138","TRAAJYX128F4255568","2"
"139","TRAAKAS128F4246013","1"
"162","TRAAMES128F42AF068","1"
"172","TRAAMPA128F92E7D0D","2"
"175","TRAAMYQ128F148B753","1"
"178","TRAANBH128F9345A6C","1"
"188","TRAAOIN128F9303790","1"
"196","TRAAOYG128F9314996","1"
"197","TRAAPCC128F42519A7","1"
"199","TRAAPGF128F1458F8B","1"
"200","TRAAPIV128F1493132","1"
"202","TRAAPPQ128F14961F5","1"
"208","TRAAQBF12903CF796B","1"
"209","TRAAQCK128F92E8C33","1"
"214","TRAAQIH128F428BDEA","2"
"219","TRAAQUC128F9322A82","1"
"232","TRAASFP128F42980BD","2"
"233","TRAASGM128EF34DBB0","1"
"238","TRAASQC128F93480F0","1"
"245","TRAATIU128F4291A84","1"
"253","TRAATPA128F146753C","1"
"259","TRAAUEO128E0780CB9","1"
"265","TRAAUMN128F4273561","1"
"270","TRAAUZX128F92F3D53","2"
"273","TRAAVGB12903CFAA99","1"
"279","TRAAVOK12903CC4773","1"
"280","TRAAVOU128F422F292","1"
"281","TRAAVRJ128F92FF90A","1"
"284","TRAAWGY128F4298A09","2"
"285","TRAAWOR128F92DF3C8","1"
"295","TRAAXMX128F9307699","1"
"303","TRAAYPN128F9340DDF","1"
"307","TRAAZBD128F427A97D","2"
"318","TRAAZQW128F93430DC","1"
"341","TRABBXU128F92FEF48","1"
"347","TRABCIX128F4265903","1"
"348","TRABCKL128F423A778","2"
"358","TRABDTV128E0791839","2"
"362","TRABEBP12903C9BA03","1"
"366","TRABEKF128F42765FF","1"
"370","TRABEXK12903CCE19B","1"
"372","TRABFKN12903CAF61B","1"
"395","TRABHBA128F424CF80","1"
"410","TRABIPA128F1458F79","1"
"416","TRABIZY128F933C696","1"
"428","TRABJWA128F9309C09","1"
"432","TRABKBS128F42823EC","1"
"438","TRABLGI128F42B867A","2"
"443","TRABLMN128E0792687","1"
"446","TRABLQE128F92E5E75","1"
"449","TRABLTP128F930DC6D","1"
"452","TRABLYQ128F429A9F8","1"
"464","TRABMZZ128F4249C60","1"
"472","TRABNLE128EF34B85D","1"
"478","TRABOOL128F426E836","1"
"483","TRABPAU128F429C1BD","2"
"487","TRABPGO128F931B50C","2"
"488","TRABPHE128F42A1E65","1"
"490","TRABPJW128F147295E","1"
"492","TRABPUI12903CF22CE","1"
"508","TRABQZK128F92F54F4","1"
"513","TRABRMJ128E0780E42","1"
"514","TRABRMZ128F4261DED","1"
"518","TRABSAR128F42324A8","1"
"535","TRABTXS128F92E2FDC","1"
"540","TRABUDK128F14943F3","1"
"552","TRABUUH128F4241346","1"
"553","TRABUVN128F930633C","2"
"555","TRABUZC128E078603F","2"
"568","TRABVWG128F9359323","1"
"578","TRABXPR128F92F27FE","1"
"582","TRABXVE128F4284AFC","1"
"584","TRABYAR128F931B1A4","1"
"586","TRABYEY128F933773A","1"
"588","TRABYOS12903CC4A81","1"
"590","TRABYVN128F429E5CF","1"
"593","TRABZCL128E0789AED","1"
"599","TRABZRZ128F42628AD","1"
"626","TRACBLO128E0784286","1"
"630","TRACBRM128F425C2C3","1"
"633","TRACBWP128C7196948","1"
"636","TRACCEJ128F93257ED","1"
"638","TRACCJA128F149A144","1"
"645","TRACCSW128F148C7C3","2"
"649","TRACCVZ128F4291A8A","1"
"652","TRACDCZ128F4285AE0","1"
"667","TRACFAP128E07862C1","2"
"676","TRACFOJ128F4253EFA","1"
"677","TRACFOV128F9340D81","1"
"683","TRACFXL128F930B28B","1"
"685","TRACFZI128E0795424","1"
"696","TRACHFO12903CB3009","1"
"697","TRACHHH128E0788A35","2"
"699","TRACHKX128F934B07A","1"
"707","TRACICJ128F14ADFB8","1"
"721","TRACJPW128F932CA4C","1"
"724","TRACJWY12903CB7DBF","1"
"726","TRACKAP128F425B741","2"
"733","TRACKWV128F934B6B0","1"
"744","TRACLRV128EF33FAB8","1"
"749","TRACMCG128F92CE225","1"
"752","TRACMHD128F931FB14","1"
"767","TRACMXG12903CA2541","1"
"778","TRACNXS128F93395BA","1"
"785","TRACOHQ128F424C5EF","1"
"817","TRACRON12903CB59E6","1"
"821","TRACRTS128F9300F7E","1"
"822","TRACRVJ128F14661D6","2"
"823","TRACSBL128F42480E8","2"
"827","TRACSTF128F4238A87","1"
"834","TRACTLX128F42A51F6","1"
"840","TRACTUH128F92C93A3","1"
"844","TRACUCT128F422BC2F","1"
"858","TRACVBQ128E07855EE","2"
"859","TRACVFF12903CF055A","1"
"861","TRACVSS128E07846A7","1"
"867","TRACWBO128F92F322F","1"
"872","TRACWFA128F4265BDF","1"
"878","TRACWYD128F1465B4A","3"
"880","TRACXGH128F931686C","1"
"892","TRACXYU128F425EEE8","1"
"894","TRACYCJ128F9309246","2"
"895","TRACYDP128F932BC8E","1"
"898","TRACYMH12903CA01DF","1"
"902","TRACYOV128F92CB613","1"
"909","TRACZJA128F429E665","1"
"922","TRADAYS12903CDBE0F","1"
"923","TRADAZP12903D0A480","1"
"937","TRADCHC128F42134B5","2"
"938","TRADCIM128F427A3A1","2"
"953","TRADDRF128F145869F","1"
"964","TRADESF128F4214D8E","1"
"966","TRADFAQ128F428AC13","1"
"971","TRADFID128F4267231","1"
"973","TRADFJJ128F934857E","1"
"977","TRADFOJ128F425107D","2"
"978","TRADFOQ128F9335409","1"
"979","TRADFQK128F422B492","1"
"982","TRADFXD128F424694C","1"
"988","TRADGWP128F42618E4","1"
"989","TRADGXI128F92EF28F","1"
"996","TRADHLI128F428FEFD","1"
"1002","TRADHUZ128F148885D","1"
"1003","TRADHXU12903CB4400","1"
"1011","TRADJAO128F146D76E","1"
"1014","TRADJGI128F148B0F6","1"
"1022","TRADJSM128F14894AA","1"
"1026","TRADKAX128E0786B92","1"
"1027","TRADKDX128F9320676","1"
"1031","TRADKLT128F9304E1D","1"
"1037","TRADLBJ128F423A031","1"
"1044","TRADLYD128F92FEBFF","1"
"1047","TRADMAJ128F92F566E","2"
"1049","TRADMFK12903CC2478","1"
"1070","TRADNRU128F428AC6D","1"
"1074","TRADOAJ128F428DA46","1"
"1075","TRADODV128F4283EB6","2"
"1077","TRADOSF128F9338ADB","2"
"1079","TRADOWO12903CD9BA2","1"
"1082","TRADOZB128F42312BB","1"
"1083","TRADPDI128F92EBD32","1"
"1096","TRADQBK128F92E8B5F","1"
"1107","TRADRJK128E078F041","1"
"1111","TRADRNN128F92F7172","2"
"1112","TRADROR128F42936A4","1"
"1125","TRADSQZ128F42707D7","1"
"1127","TRADSVJ12903C9CDFA","1"
"1131","TRADTID128F9305BC4","2"
"1146","TRADUKH128F4256D1B","1"
"1149","TRADUOU12903CF4323","4"
"1165","TRADVSU128E0786371","1"
"1169","TRADWAU128F145622F","1"
"1173","TRADWOB12903C9D1EB","2"
"1180","TRADXCO128F426B26D","2"
"1197","TRADYQK128F42A762A","1"
"1209","TRADZQV128F14A5760","1"
"1213","TRADZZP128F428BCE6","1"
"1217","TRAEADK128F4270AA6","1"
"1223","TRAEASY128F148247C","1"
"1227","TRAEAZV12903D0CBA6","1"
"1237","TRAEBXS128F429933A","2"
"1240","TRAECSU128F426A84A","1"
"1244","TRAECWI128F4226133","1"
"1251","TRAEDXO128F421B908","1"
"1252","TRAEDYD128F425A868","1"
"1263","TRAEFON128E078C6F8","1"
"1271","TRAEGAZ128F426240C","4"
"1275","TRAEGGV128F92F29B2","1"
"1284","TRAEGUL128E078B0C1","1"
"1288","TRAEHNA128F423786C","2"
"1289","TRAEHOI12903CD02C8","1"
"1293","TRAEHXW128F146F3C5","1"
"1316","TRAELHH128F92CF21E","1"
"1326","TRAEMGL128F4266177","1"
"1329","TRAEMNZ128F9334662","1"
"1338","TRAENGX12903CBDFF6","1"
"1344","TRAENOH128F933978A","1"
"1349","TRAENVO128E0781A16","1"
"1351","TRAENYD128F424AA32","1"
"1353","TRAEOBA12903CAFAB0","1"
"1358","TRAEOGO128F93302B9","1"
"1361","TRAEOMS128F4262357","1"
"1363","TRAEOOH128F934ACD4","1"
"1365","TRAEOUE128F93187B9","1"
"1370","TRAEPAC12903CE5DC8","1"
"1371","TRAEPAW128F4285BAB","1"
"1373","TRAEPGH128F9343CD8","2"
"1376","TRAEPPP128F92F11E8","1"
"1377","TRAEPZJ12903CB00C4","1"
"1385","TRAEQQE128F42920E3","1"
"1389","TRAEQZR128F92E9D73","1"
"1396","TRAEROB12903CE3E7D","1"
"1403","TRAESDC12903CCEA5E","1"
"1404","TRAESJK128E0792227","2"
"1406","TRAESQE128F92D0349","1"
"1416","TRAETPQ128F92E562A","1"
"1418","TRAETTV12903CBBD09","1"
"1421","TRAETYC128F933BBF4","1"
"1427","TRAEUHN128F92E2C7F","1"
"1428","TRAEUIW12903D018F0","1"
"1432","TRAEUVH128F422559A","1"
"1436","TRAEVHU128F92D9EA0","1"
"1437","TRAEVIA12903CC3C37","1"
"1442","TRAEVLO128F933DE9E","1"
"1445","TRAEVRI128F93608F3","1"
"1447","TRAEVTK128F9337030","1"
"1451","TRAEWHH128F428F3AB","2"
"1454","TRAEWLF128F42B1F89","2"
"1465","TRAEXEA128F933C67D","1"
"1467","TRAEXHW128F92E2602","2"
"1471","TRAEXTM128E07811E1","1"
"1479","TRAEZFJ128F422A5C0","1"
"1486","TRAFABO128F933DE53","1"
"1490","TRAFAID128F4243DAF","2"
"1492","TRAFAJC128E078888B","1"
"1495","TRAFAQY12903CA70F7","1"
"1507","TRAFBVU128F426B3F6","1"
"1513","TRAFCVI128C7196BE6","1"
"1518","TRAFDFD128F14B07AB","1"
"1529","TRAFEPC128F4237505","1"
"1543","TRAFGKU128F42889EF","1"
"1544","TRAFGMJ128F930F532","1"
"1551","TRAFHJI128F9302CFF","2"
"1552","TRAFHKA128F429F7C0","1"
"1554","TRAFHWP128F9333343","1"
"1561","TRAFIHK12903CBDFF1","1"
"1565","TRAFIQB128F423DCBA","1"
"1566","TRAFISG128F4263F8A","1"
"1585","TRAFKDG12903CAB85C","1"
"1595","TRAFKRE128F932002B","1"
"1604","TRAFLMU128F4274A4D","2"
"1608","TRAFLZY128F148959F","1"
"1616","TRAFMIA128F92E2B2B","1"
"1618","TRAFMME128F932B4D5","1"
"1620","TRAFMPX128F4246C49","1"
"1635","TRAFOKY128F4276D91","2"
"1636","TRAFOKY128F92ED751","1"
"1655","TRAFQFD128F9343706","1"
"1656","TRAFQFM128E078EC97","2"
"1664","TRAFQVV128F4260033","1"
"1666","TRAFRCH12903CEA22D","1"
"1676","TRAFRVU128F42649A6","1"
"1689","TRAFTCT128F425A900","2"
"1692","TRAFTFF128F930F77C","1"
"1694","TRAFTMA128F933A3D7","1"
"1707","TRAFUWI128F934C730","1"
"1711","TRAFVDV128F42936BA","1"
"1724","TRAFWRG128F4295089","1"
"1728","TRAFXCP128F93182DD","2"
"1729","TRAFXEY128F148AECD","2"
"1737","TRAFXZW128F14B0914","1"
"1738","TRAFYAV128F42ACA8C","2"
"1740","TRAFYGA128F425A92C","2"
"1742","TRAFYGO128F42727E7","1"
"1751","TRAFYYU128F4229376","1"
"1752","TRAFZHK128F145E86B","1"
"1757","TRAFZRL128F428E465","2"
"1761","TRAGAAF128F9338911","2"
"1765","TRAGAGQ128E0781352","1"
"1769","TRAGANK128F428A5CD","1"
"1777","TRAGBHV128F4295074","1"
"1779","TRAGBND128F92FC400","1"
"1782","TRAGBPI128E0792998","1"
"1789","TRAGCSY128F14546B1","1"
"1799","TRAGDEA128F4279040","1"
"1800","TRAGDFG128F42934A0","1"
"1802","TRAGDLM128F4233397","1"
"1805","TRAGDPS128F145F8EE","1"
"1806","TRAGDRH128F93182E1","2"
"1807","TRAGDVU12903CDCD8B","1"
"1816","TRAGEQI128F429154D","1"
"1817","TRAGETA128F4272C38","1"
"1820","TRAGEXH12903CB4C10","1"
"1826","TRAGFOI128F428E060","1"
"1831","TRAGFVT128F92ECB5D","1"
"1835","TRAGGMY12903CD9533","1"
"1840","TRAGGVS128F4250CE8","1"
"1851","TRAGHJX128F426F76F","1"
"1859","TRAGIKK128F42424EF","1"
"1868","TRAGJPA128F92F9665","1"
"1869","TRAGJQL128E078E840","1"
"1873","TRAGJYM128F934B753","1"
"1883","TRAGKMU128F429757E","1"
"1884","TRAGKMU128F9305831","1"
"1888","TRAGKTN128F933C68B","1"
"1889","TRAGKUI128F92F4698","1"
"1891","TRAGKXH128F933D9BB","1"
"1898","TRAGLFE128F428566B","1"
"1899","TRAGLHT12903CCDB86","1"
"1900","TRAGLKL12903CEDE95","2"
"1901","TRAGLMS128F425FE0A","1"
"1905","TRAGLSU128F145FFB2","2"
"1911","TRAGLZM128F931C995","1"
"1915","TRAGMXK128F9305A50","1"
"1917","TRAGNAX128F9313AE8","1"
"1918","TRAGNBQ128F149CB93","1"
"1921","TRAGNGY12903C9CD76","1"
"1926","TRAGNUI128F1471068","1"
"1941","TRAGPAF128EF34542A","1"
"1943","TRAGPEA128F422B47E","1"
"1950","TRAGPZS128F9332248","1"
"1951","TRAGQBY128F42635B7","1"
"1960","TRAGQVO128F145C0AF","2"
"1969","TRAGROY128F92D2C53","1"
"1973","TRAGSGF128E0780CA7","1"
"1977","TRAGSJQ128F149EF8D","1"
"1984","TRAGSZA128F146A11A","1"
"1992","TRAGTUF128F42297F1","2"
"2006","TRAGVAO128F4289B5D","2"
"2018","TRAGVRL128F4264526","1"
"2023","TRAGWJK12903CE640F","2"
"2026","TRAGWMO12903CFD994","1"
"2029","TRAGWTT128F148CF2C","1"
"2040","TRAGXNU128F932C7D8","1"
"2045","TRAGYJM128EF3466D2","1"
"2055","TRAGZCW128EF34B85B","1"
"2058","TRAGZHM12903CAEF3A","1"
"2078","TRAHBOC128F9322A62","1"
"2080","TRAHBQT128F4213403","2"
"2086","TRAHCHN128F4276D58","1"
"2089","TRAHCRI128F4255C6E","1"
"2092","TRAHCVT128F4282806","1"
"2114","TRAHEQC128F42153D6","1"
"2122","TRAHFCR128F422A375","1"
"2123","TRAHFHR12903CCCAF8","1"
"2125","TRAHFOU128F42B3F2A","2"
"2131","TRAHFYH128F92CE223","1"
"2150","TRAHHMV12903CD0B0D","2"
"2152","TRAHHSV128F42374E3","1"
"2158","TRAHIJE128F4243356","1"
"2163","TRAHIXN128F147F25D","1"
"2166","TRAHJCI128F92FFB38","2"
"2167","TRAHJPC128F4268DC7","1"
"2173","TRAHKMS128F934B09E","1"
"2178","TRAHKRO128F9320EA7","1"
"2179","TRAHKUS128F425ABD8","1"
"2181","TRAHLDM128F933A3B1","1"
"2183","TRAHLIF128F92E9CCF","1"
"2189","TRAHLVW128F426684F","2"
"2207","TRAHNPU128F42AEE9C","2"
"2218","TRAHOOP128F42B62AB","2"
"2219","TRAHORF12903CDA9FB","1"
"2229","TRAHPHY128F9345BA0","1"
"2246","TRAHQYK128F426A82F","1"
"2260","TRAHRRS128F4282F7A","1"
"2264","TRAHSAW128F4253EFC","1"
"2277","TRAHSTL128F931708D","1"
"2293","TRAHTZN128F421A41F","1"
"2304","TRAHUQT128F4281228","1"
"2310","TRAHUZS12903C9D9DD","1"
"2319","TRAHVUK128F1456988","2"
"2321","TRAHVWT128F148D428","2"
"2323","TRAHVZW128F146477A","1"
"2325","TRAHWBP12903CAEBFC","1"
"2327","TRAHWMN128F145DB77","1"
"2330","TRAHWSF128F934B190","1"
"2333","TRAHXEG128F428F1EC","1"
"2344","TRAHXWI128F428B7DA","2"
"2346","TRAHYDH128F9325200","1"
"2352","TRAHYMJ128E0787801","1"
"2353","TRAHYON12903CC36EF","1"
"2365","TRAHZIL12903CF1DC2","1"
"2384","TRAIAJU128F42581EF","1"
"2392","TRAIATD128F9331CD6","5"
"2400","TRAIBXJ128F4260700","2"
"2401","TRAIBXQ128F425E6A5","2"
"2410","TRAICIL128F42598E2","2"
"2412","TRAICJQ12903CF2681","1"
"2432","TRAIELD128F92DC682","1"
"2448","TRAIFSM128F42722F1","1"
"2458","TRAIGSC128F933BBD7","1"
"2464","TRAIGYC128F93474E4","1"
"2485","TRAIIOG12903CD02C5","1"
"2490","TRAIISE128F42AE299","2"
"2500","TRAIJMG12903D08168","1"
"2507","TRAIJWN12903CF2C76","1"
"2509","TRAIKBB128F428AD73","1"
"2514","TRAIKSH128E07816DF","2"
"2518","TRAILKS128F14A3AC9","2"
"2519","TRAILLW128F4278C90","1"
"2525","TRAILUH128E0784D6D","1"
"2526","TRAIMDW128F14B0B75","2"
"2545","TRAINYU128F4246BD1","1"
"2552","TRAIOWX128F14750E5","1"
"2555","TRAIPBF12903D074F5","2"
"2565","TRAIPZY128E0787299","1"
"2568","TRAIQDI128F92E8E1F","1"
"2571","TRAIQKO128F92E5970","1"
"2574","TRAIQMW128E07854BD","2"
"2578","TRAIQUG128F92F946E","1"
"2580","TRAIQVJ128F93235B3","1"
"2586","TRAIRLU128F92D0250","2"
"2603","TRAISYU128F427F486","1"
"2605","TRAITDY128F149431C","1"
"2608","TRAITHR128F42B7E26","1"
"2612","TRAITRS128F9308142","1"
"2619","TRAIUPS128F92F2825","1"
"2627","TRAIUYZ128F425BD2F","1"
"2633","TRAIVMM128F4266056","1"
"2639","TRAIVVQ128F146AB17","2"
"2648","TRAIWNA128F145E2CD","1"
"2650","TRAIWQJ128F4287A6F","1"
"2665","TRAIYDL128E0791583","2"
"2683","TRAIZWI128F4247EFD","4"
"2690","TRAJAPH128F4271357","1"
"2698","TRAJAZP128F4290FF9","1"
"2701","TRAJBGL128F145C7A8","1"
"2710","TRAJBTZ12903CB818C","1"
"2720","TRAJCLY128F930F893","2"
"2729","TRAJDGB128F42882AC","2"
"2731","TRAJDRG128F4217923","1"
"2735","TRAJEBQ128F146E00E","1"
"2746","TRAJEZT128E0795DF3","1"
"2749","TRAJFDU128F426A5F4","1"
"2751","TRAJFFF128F429874A","1"
"2753","TRAJFMH12903D052DC","1"
"2754","TRAJFQF128F92E354E","2"
"2773","TRAJHDR128F92FA863","1"
"2774","TRAJHEE12903CB937A","1"
"2785","TRAJHYF128F1451DDF","1"
"2789","TRAJIIR128F149AE01","1"
"2791","TRAJIUK128F42668E6","1"
"2799","TRAJJPB128F1456D6A","2"
"2819","TRAJLNF128F422658C","1"
"2821","TRAJLOY128F92E4EAF","1"
"2826","TRAJMEL128F4262B4A","1"
"2829","TRAJMZL12903CA4807","1"
"2837","TRAJNWY128E078907F","2"
"2846","TRAJOIH128F14B08F7","2"
"2857","TRAJPIK128F1460C83","2"
"2858","TRAJPIQ128F14819A8","1"
"2861","TRAJPPJ128F1497140","1"
"2873","TRAJRBF12903CDCA3F","2"
"2879","TRAJRTY128F426CF1F","1"
"2895","TRAJSNU128F92F2AC0","1"
"2896","TRAJSOQ128F92C6A6B","1"
"2898","TRAJSQA128F4263330","1"
"2905","TRAJTDG128E0792698","2"
"2912","TRAJUPF128F4231A2C","2"
"2913","TRAJUPI128F9324529","1"
"2930","TRAJXBS12903CDCE2C","1"
"2935","TRAJXNB128F4261F43","1"
"2950","TRAJZCH128F933D2B7","1"
"2962","TRAJZVL128F9342662","1"
"2965","TRAJZYI128F424B412","1"
"2970","TRAKAFU12903CB4234","1"
"2971","TRAKAGL128F148B3B7","1"
"2983","TRAKBON128F9311039","1"
"2988","TRAKCAE128F92DACD8","1"
"2991","TRAKCFG128F149D9B7","1"
"2996","TRAKCNI128F427BA71","1"
"3003","TRAKDDB128F92D168A","1"
"3007","TRAKDMK128F92F9AFC","1"
"3012","TRAKEBX128F423A5FA","2"
"3028","TRAKFSV128F4257C10","1"
"3031","TRAKFYU128F4283EB5","2"
"3036","TRAKGDZ12903CE4867","1"
"3049","TRAKHUW12903CF0048","1"
"3050","TRAKHXX128E07877EB","1"
"3051","TRAKHYP128E0792F07","1"
"3055","TRAKIJI128F42494D1","1"
"3069","TRAKJTB128F148C560","2"
"3070","TRAKJYQ128F934B22E","1"
"3079","TRAKKOH128F42AF40E","1"
"3084","TRAKLEZ128F4270649","1"
"3085","TRAKLHO128F42BA554","1"
"3086","TRAKLML128E07999DA","1"
"3094","TRAKMLM128F14932B0","1"
"3098","TRAKMUO128F4215890","1"
"3110","TRAKOAK128F4248629","2"
"3112","TRAKOEB128F1478783","1"
"3123","TRAKOXF128F1477B81","1"
"3126","TRAKPET128F92FD69F","1"
"3129","TRAKPJC128F4258613","1"
"3133","TRAKPSJ128F146BFC2","2"
"3138","TRAKQEA128F1495E21","2"
"3147","TRAKQXJ128F147A028","1"
"3150","TRAKREH128F42750C6","1"
"3156","TRAKRQW128F427D6E3","2"
"3160","TRAKRXN128F42670BE","1"
"3166","TRAKSPS128F933B3D9","1"
"3168","TRAKTFQ128F145698C","2"
"3175","TRAKUJS128F14668E5","1"
"3176","TRAKUKL128F4295046","1"
"3190","TRAKVNJ128F932AF0F","1"
"3192","TRAKVSG128EF34E609","1"
"3199","TRAKWNL12903CC37B6","1"
"3202","TRAKWTG128F42454E2","1"
"3204","TRAKWXS128F930F798","1"
"3205","TRAKWXV128F42889FB","1"
"3206","TRAKWZL128F93346EE","1"
"3210","TRAKXIR128F92CF85A","1"
"3214","TRAKXMS12903CB36F2","1"
"3217","TRAKXPA12903CA8B1A","1"
"3218","TRAKXPE128F1462FF2","1"
"3221","TRAKXYJ128F42525ED","1"
"3231","TRAKYON128F429470C","1"
"3233","TRAKYWY128F9310CF4","1"
"3234","TRAKYXS128F4248FE3","1"
"3237","TRAKZHN128F426C3D2","1"
"3239","TRAKZMB128F427B44F","1"
"3246","TRALAKV12903CBD7F6","1"
"3250","TRALAZG128F93170BF","1"
"3254","TRALBFX12903D00703","1"
"3257","TRALBIA128F4272082","1"
"3261","TRALCCO12903CEBB97","1"
"3271","TRALDDK128F9300AC5","1"
"3272","TRALDEZ128F4265BF7","1"
"3277","TRALDSB12903CB4242","1"
"3278","TRALDUE128F9312AF2","1"
"3279","TRALDWN128EF33FB6E","1"
"3283","TRALECB128F42A35E8","1"
"3284","TRALEER128F4268E6D","2"
"3287","TRALENK128F92F39E9","1"
"3295","TRALFBU12903CC030F","1"
"3297","TRALFLE128F92E166E","1"
"3320","TRALHIQ12903D00496","1"
"3321","TRALHMS128F930C08C","1"
"3330","TRALIIP128F4246C80","2"
"3334","TRALIQF128F930B7B0","2"
"3339","TRALJAZ128F933DE4A","1"
"3342","TRALJBT128F4266FD8","2"
"3348","TRALJVQ128F428C764","1"
"3352","TRALKBS128F423BB4C","2"
"3354","TRALKHJ128F92E9D36","1"
"3365","TRALLAR128F933C692","1"
"3372","TRALLKK128F427B064","1"
"3373","TRALLOU12903CC36FE","1"
"3374","TRALLQJ128F933C68A","1"
"3375","TRALLQX12903CD838C","2"
"3376","TRALLRJ128F428CB6F","1"
"3384","TRALMTD128E07862AC","1"
"3385","TRALMYT12903D0954C","1"
"3393","TRALNOD128F4264AEB","2"
"3399","TRALOBE12903CDA6C5","2"
"3405","TRALOUF128F422F329","1"
"3411","TRALPGW12903CAFFB5","1"
"3417","TRALPOE128F4272278","1"
"3419","TRALPQV128F424F989","2"
"3422","TRALQGZ128F146F500","1"
"3431","TRALRKL128F427B6EB","1"
"3435","TRALROP128F92CA9CC","1"
"3447","TRALSOA128F4275F49","1"
"3457","TRALTKQ128F932DA67","1"
"3460","TRALTTR12903C9E32E","1"
"3462","TRALTZZ12903CB7DD0","1"
"3464","TRALULA128F932B9D0","1"
"3501","TRALYQN128F42624E1","1"
"3503","TRALYZR128F92CDD86","1"
"3518","TRALZXZ128F92E26EF","2"
"3524","TRAMARM128E0796A50","1"
"3527","TRAMBBV128F9337714","1"
"3531","TRAMBFD128EF34B848","2"
"3532","TRAMBHU128F425A620","1"
"3533","TRAMBLO128F4287D24","2"
"3534","TRAMBNF128F426FBB6","1"
"3535","TRAMBPW128F9337F71","1"
"3538","TRAMBTK128F42390A4","1"
"3545","TRAMCGL128F92F3D87","1"
"3550","TRAMCLN128F9302E27","1"
"3565","TRAMDUJ12903D0728D","1"
"3571","TRAMEBP12903CD7EEA","4"
"3581","TRAMESI128F93509F7","1"
"3591","TRAMFFW128F4263AD7","1"
"3592","TRAMFHI12903CB4349","1"
"3597","TRAMFRD128E07833DA","1"
"3601","TRAMGAZ128F148D4C3","1"
"3605","TRAMGJJ128F421487E","1"
"3606","TRAMGPM128F9311196","1"
"3624","TRAMHMO128F93167EA","1"
"3630","TRAMIGP128F9335408","1"
"3635","TRAMIOX12903CB19A1","2"
"3638","TRAMIUD128E07825DB","1"
"3645","TRAMJUG128F429F8B2","2"
"3650","TRAMKKJ128F1463612","2"
"3659","TRAMLFL128F93062A0","1"
"3669","TRAMLZC128F92F3EB9","1"
"3672","TRAMMAF128F93051B0","2"
"3677","TRAMMQW128F42621E1","1"
"3682","TRAMNDH128F425C33D","1"
"3687","TRAMNJB128F92EFDC7","1"
"3692","TRAMNVF128F92DE562","1"
"3695","TRAMODP128F426247B","2"
"3701","TRAMOLS128F92F99E3","1"
"3704","TRAMOPU128E07888FD","1"
"3719","TRAMPWN128F934C221","1"
"3731","TRAMRFE128F4267DF3","1"
"3740","TRAMSAY128F92ED0DD","1"
"3747","TRAMSSA128F92F60D1","1"
"3748","TRAMSSK128F92FDC80","2"
"3751","TRAMTFQ128F9352EDB","1"
"3752","TRAMTIH128F933E8E4","1"
"3753","TRAMTKT128F4222C3A","1"
"3757","TRAMTYX128F42985D0","1"
"3764","TRAMUYQ128F428CA58","1"
"3768","TRAMVMU128F4241923","1"
"3783","TRAMWLL12903D119DA","1"
"3785","TRAMWOH12903CA8BA0","1"
"3796","TRAMXPQ128F148B0C2","1"
"3814","TRANADU128F9345BC8","1"
"3817","TRANAIE128F146E588","2"
"3818","TRANALJ128F9318BAF","1"
"3824","TRANAYD128F9322A70","1"
"3827","TRANBMY128F426416A","1"
"3833","TRANCCN128E0794B18","2"
"3841","TRANCOH128F422F31D","1"
"3842","TRANCOS128F4267DFB","1"
"3848","TRANDEK128F4259EBC","1"
"3856","TRANEQB128F4284978","1"
"3868","TRANGCR128F148CF28","1"
"3870","TRANGIY128F427FA51","1"
"3873","TRANGQX128F422F1DE","1"
"3878","TRANHJV128F92D819D","4"
"3891","TRANIHL128F42970BD","2"
"3894","TRANIJQ128F4298A10","2"
"3897","TRANIPA128F93151A2","1"
"3900","TRANIUS12903D00EC7","1"
"3902","TRANIWL128F4262AB0","1"
"3903","TRANIWM128F1495AB7","1"
"3908","TRANJMO128F425C44D","1"
"3910","TRANJSV128E0799689","1"
"3911","TRANJWP128F428560C","1"
"3926","TRANKYM128F428B7A4","2"
"3928","TRANLHL12903CF88E5","1"
"3936","TRANLSP128F14671CA","2"
"3941","TRANMKA128F426C3B0","1"
"3942","TRANMKF128E07995A8","1"
"3945","TRANMOT128F92EFF19","2"
"3955","TRANNCZ128F92F1D22","1"
"3966","TRANOHA128F428B1CB","1"
"3970","TRANOPO128F4217958","1"
"3971","TRANOXA12903CDB0ED","1"
"3978","TRANPHV128F9344CC3","1"
"3979","TRANPKC128F93486B9","1"
"3986","TRANPUZ128F422B236","2"
"3987","TRANPWV128F9341281","1"
"3997","TRANQEQ128F428AD70","1"
"4000","TRANQNS128F42739D1","2"
"4001","TRANQQZ128E079224E","1"
"4002","TRANQRQ12903CC4BBB","1"
"4008","TRANREH128F93462CF","2"
"4010","TRANRFB128F1481F1E","2"
"4014","TRANRGP128F1465737","1"
"4016","TRANRKN128F93127BB","1"
"4022","TRANRWM128F42873F9","1"
"4036","TRANSUM128F92E8DF3","1"
"4039","TRANTAD128F92FD042","1"
"4041","TRANTAN128E078B326","1"
"4044","TRANTFR128F931C7DA","2"
"4047","TRANTJK128F92E5935","1"
"4049","TRANTOT128F428ACD8","1"
"4054","TRANULO128F422E6FE","1"
"4055","TRANUME128E0789D4C","1"
"4059","TRANUSB128F9343695","1"
"4064","TRANUVH12903D1059F","1"
"4070","TRANVKJ128F92F1561","1"
"4071","TRANVMD128F933AC4A","1"
"4072","TRANVML128F426ACB2","1"
"4073","TRANVTB128F92E2C34","1"
"4075","TRANVZT128F42AE134","1"
"4076","TRANWBG128F934AC15","1"
"4079","TRANWEM128F92D75C4","1"
"4082","TRANWOF12903CB3E19","1"
"4084","TRANWZE128E078EE09","1"
"4090","TRANXKN128F1485A3F","2"
"4098","TRANYAM12903CD9CFC","1"
"4100","TRANYLM128F1477EC9","1"
"4124","TRANZRO128F4278401","1"
"4126","TRANZTY128F424D794","1"
"4133","TRAOAPT128F426041F","1"
"4135","TRAOATJ128F147FC9B","2"
"4136","TRAOAVW128F9318B5A","1"
"4153","TRAOBQP12903CC4A7B","1"
"4164","TRAOCSE128F4282321","1"
"4178","TRAOEAQ12903CC26BD","1"
"4186","TRAOEQO128E0785439","1"
"4187","TRAOETQ128F92F9C27","1"
"4203","TRAOHJU128E0780CD2","1"
"4205","TRAOHNR128F428CD58","2"
"4220","TRAOIYM12903CDEF1E","2"
"4222","TRAOJED128F42361E6","1"
"4223","TRAOJEW128F4294CBD","1"
"4228","TRAOJMY128E07836D9","1"
"4229","TRAOJNB128F147C52F","1"
"4236","TRAOKSC128F4264989","1"
"4241","TRAOKXG128F4232497","1"
"4247","TRAOLUA128F422BB1D","1"
"4251","TRAOMDT12903CF73C3","1"
"4258","TRAOMVL128F14662F1","1"
"4265","TRAONNA128F4268CCA","2"
"4267","TRAONPF128F42480A7","1"
"4273","TRAOOHM128F1453E33","2"
"4309","TRAOREE128F934DB89","2"
"4314","TRAORSC128F4235056","1"
"4317","TRAOSDM128F93085C0","2"
"4319","TRAOSFC128F42618F6","2"
"4337","TRAOUOI128F4290E44","1"
"4344","TRAOVDM128F42BAA66","1"
"4351","TRAOWBP128F4257C64","1"
"4363","TRAOWXO128E0783F68","1"
"4366","TRAOXCO128F147830B","2"
"4372","TRAOXSN128F4282FB5","1"
"4373","TRAOXWF128E0790985","1"
"4379","TRAOYHS128F427EF8B","1"
"4385","TRAOZEJ128F428CCEA","2"
"4394","TRAPAES128E0786E60","2"
"4400","TRAPASL128F422BC00","1"
"4402","TRAPAZE128F4233355","1"
"4419","TRAPCIQ128F4241A74","1"
"4423","TRAPCNK128F427D7B5","4"
"4431","TRAPDIH128F426DE71","2"
"4432","TRAPDIO128F933C680","1"
"4434","TRAPDOI128F9327982","1"
"4435","TRAPDQG128F93018C0","1"
"4442","TRAPEHR128E0786D5A","1"
"4443","TRAPEIN128E078892E","1"
"4444","TRAPEPB128E07861CC","2"
"4455","TRAPFIP128F42AC31E","4"
"4460","TRAPFRM128F933A19B","1"
"4461","TRAPFXX128E0785EBA","1"
"4463","TRAPGCJ128F428CCD9","1"
"4464","TRAPGFN12903CB5BAC","1"
"4469","TRAPGOZ128F933A945","2"
"4476","TRAPGYN128F92C40CC","2"
"4479","TRAPHDI128F92F5EA1","1"
"4489","TRAPHZT128F147A02B","2"
"4494","TRAPIJO128EF3681CA","1"
"4497","TRAPIPG128F42521C6","1"
"4498","TRAPISC128F14671D3","2"
"4503","TRAPJFL128F42AA7B4","1"
"4507","TRAPJPD128F14572B3","1"
"4510","TRAPKBI128F92F9D33","1"
"4518","TRAPLET128F145B049","1"
"4539","TRAPMRV128F92F5F4C","1"
"4541","TRAPMTY128F1459DA1","1"
"4542","TRAPMYO128F14903F5","1"
"4550","TRAPNOO128F423660C","1"
"4553","TRAPNQZ128F145B04E","1"
"4556","TRAPNYN128F4277985","1"
"4567","TRAPOYU128F42644C3","1"
"4572","TRAPPUN128F429400B","1"
"4575","TRAPQBU128F934C32D","1"
"4580","TRAPQLQ128F92DA284","2"
"4592","TRAPQYF128F14B1051","1"
"4595","TRAPQZO12903CFA319","1"
"4609","TRAPSHW128F14560A6","1"
"4611","TRAPSJN128F422AF18","1"
"4615","TRAPSMF12903CD05E7","1"
"4617","TRAPSZU128E0785BD2","1"
"4622","TRAPTHJ128F92C70D6","1"
"4638","TRAPUFL128F425A8F9","1"
"4646","TRAPVDC128F422C711","1"
"4647","TRAPVFO128F9347D5B","1"
"4658","TRAPVXU128F149E7CD","1"
"4659","TRAPVYD12903CE0269","1"
"4682","TRAPYCR128F4289604","2"
"4686","TRAPYML128F423DF98","1"
"4690","TRAPZJQ128F428A022","1"
"4694","TRAPZQI128F428CF18","1"
"4697","TRAPZYB128F9309217","1"
"4699","TRAPZZJ12903CC5190","1"
"4700","TRAQACB128F4263F7B","1"
"4703","TRAQAIW12903C9B61E","1"
"4704","TRAQAMG128F934AED9","2"
"4719","TRAQBVO128F425D1F9","2"
"4723","TRAQCFH128F92FE30F","1"
"4731","TRAQDBO128F92ED2AC","1"
"4734","TRAQDSN128F42934A2","1"
"4747","TRAQEKD128F425293D","1"
"4755","TRAQEUQ128F425282E","1"
"4772","TRAQGLM128EF356DEA","1"
"4774","TRAQGNV128C7196894","1"
"4781","TRAQHCG128E07951DA","2"
"4782","TRAQHHV128F92E0787","1"
"4793","TRAQHWF128F146FF11","1"
"4801","TRAQIQP128E079505F","2"
"4802","TRAQITZ128F4265E0E","1"
"4816","TRAQJMP128F92E3821","1"
"4819","TRAQJOE128F92F1D58","1"
"4829","TRAQKVC128F425E65C","1"
"4833","TRAQLIE128F931C3F3","1"
"4836","TRAQLOD128F145EC9D","1"
"4849","TRAQMNB12903CDD58F","1"
"4859","TRAQNEC128F14ADF01","1"
"4861","TRAQNMM12903D00407","2"
"4873","TRAQOXO128F42636BD","1"
"4876","TRAQPFR12903CC26CF","1"
"4878","TRAQPHD128F4226E5E","1"
"4882","TRAQPKX128F428146D","1"
"4888","TRAQQOG128F934B0A1","1"
"4890","TRAQQUC128F9314732","1"
"4893","TRAQQVR128F4255A3A","1"
"4898","TRAQRFN128F93071EA","1"
"4903","TRAQRRD128F425F8E7","1"
"4915","TRAQSPU128F422146B","1"
"4917","TRAQSWI128F9343039","1"
"4924","TRAQTKV128F427BFA5","1"
"4925","TRAQTOS128F428E94B","1"
"4926","TRAQTRL128F428C2AF","2"
"4938","TRAQUWF128E07924E4","2"
"4941","TRAQVDI128F42969C8","1"
"4944","TRAQVJM128F9310F20","2"
"4947","TRAQVOG128F9340E58","1"
"4953","TRAQVUG128F4286DE3","1"
"4963","TRAQXJY12903CF3A0E","2"
"4964","TRAQXKZ128F429D175","1"
"4967","TRAQYFL12903D138CF","2"
"4969","TRAQYOC128F9341CDC","2"
"4975","TRAQYXL128F425EA21","1"
"4976","TRAQYZI128F4273CF3","1"
"4987","TRAQZPC12903CDE0D5","1"
"5012","TRARBFC128EF3500F8","1"
"5013","TRARBGM12903CC5026","1"
"5016","TRARBJW128E0788A1A","1"
"5021","TRARBVD128F4239284","1"
"5029","TRARCNT12903CC4767","1"
"5035","TRARDJY128F14750EA","1"
"5045","TRAREDZ12903CFB6E3","1"
"5046","TRAREGG128F425A5D8","1"
"5057","TRARFAZ128F93481AD","1"
"5059","TRARFKP12903CF5DF1","1"
"5062","TRARFQL128F931E523","2"
"5068","TRARFXI128F1468CE3","1"
"5076","TRARHCB128F148D1B0","1"
"5077","TRARHFF128F933D378","1"
"5084","TRARIIY128F147187D","1"
"5087","TRARIMP128F933D217","1"
"5090","TRARIRG128F147FC96","1"
"5100","TRARJPL128F931C7D2","1"
"5105","TRARKEH128F1463CB2","1"
"5107","TRARKGW128F92EB8F9","1"
"5109","TRARKRC128E0791D82","1"
"5114","TRARLGD128F93119C1","1"
"5117","TRARLTG12903CF06FD","1"
"5132","TRARMUZ128F14AA0EA","1"
"5133","TRARMWA128F424147D","1"
"5149","TRARODV128F1460DBC","1"
"5159","TRARPCK128F92FEA7F","1"
"5160","TRARPGY128F425D48D","1"
"5169","TRARPZT128F932AD66","1"
"5177","TRARQWJ128F92E9CCA","1"
"5180","TRARRJL128F92DED0E","4"
"5184","TRARRQO128F427B5F5","1"
"5189","TRARRZU128F4253CA2","1"
"5190","TRARSAM128F4256E04","1"
"5191","TRARSAW12903C9EDEB","2"
"5198","TRARSZV12903CDB2DE","1"
"5200","TRARTBH128F93087A4","1"
"5211","TRARTSA128F4291550","1"
"5218","TRARUOP12903CF2384","1"
"5219","TRARURM128F931A91B","1"
"5220","TRARUTP128E0797FC7","1"
"5234","TRARVZG128F1497359","2"
"5238","TRARWLR128F4256B07","1"
"5260","TRARXVP12903CF39FE","2"
"5278","TRASAEN128F4266178","1"
"5282","TRASAIH128F931F567","1"
"5284","TRASAQI128F426EEA3","1"
"5286","TRASARO128F145E40F","1"
"5301","TRASBZK128F42692CA","1"
"5303","TRASCAU128E078FB37","2"
"5305","TRASCMB128F422B871","1"
"5311","TRASCWR12903CCC575","1"
"5314","TRASDGG128F933EDE2","1"
"5321","TRASDRJ128F428B1A7","1"
"5324","TRASDYA128F425E84F","2"
"5342","TRASGKM128F42644C5","1"
"5343","TRASGLA128F147F4F6","1"
"5346","TRASGOE128F42328B4","1"
"5356","TRASHSN12903CA9E34","2"
"5362","TRASIKP128F423EED7","2"
"5363","TRASIKR128F9308AD7","2"
"5365","TRASIVA128F933DB52","1"
"5366","TRASIWA12903CFFC4D","2"
"5371","TRASJIY128F149998B","2"
"5377","TRASJRH12903CF2689","2"
"5380","TRASKII128F92FA33E","1"
"5386","TRASKUE128F1478ECF","1"
"5395","TRASLVK128F935046C","1"
"5396","TRASLVU128F933B160","1"
"5402","TRASMWP128F92CE9CE","1"
"5405","TRASNDM128F92E17E7","1"
"5427","TRASOQC12903CFFED7","1"
"5435","TRASPAS128E078DFB3","2"
"5449","TRASQCW12903CA07D9","1"
"5456","TRASRBB128F42AFD5C","1"
"5476","TRASSZI128F146EC5F","1"
"5487","TRASTOM12903CBE8A6","1"
"5498","TRASUJK128E0789C12","1"
"5511","TRASVNS128E07855BF","1"
"5515","TRASVXI12903CF98CD","1"
"5521","TRASWIV128E0788A84","1"
"5522","TRASWKJ128E0792FE7","1"
"5531","TRASXHB128F933D3BD","1"
"5539","TRASXYB128F428DFF3","2"
"5541","TRASXZE128F427F156","1"
"5545","TRASYIH12903D08529","2"
"5552","TRASYSY128F92F39F5","1"
"5556","TRASYWM128F14804A5","1"
"5567","TRASZQB12903CAAE1B","1"
"5577","TRATAIB128F92E81CB","1"
"5588","TRATBGP128F1482545","1"
"5592","TRATBNG128F92CADA8","2"
"5597","TRATBVA128F9312ACC","1"
"5602","TRATCAZ128F4284985","4"
"5606","TRATCLI128F422BCF8","1"
"5608","TRATCOE128F145F694","1"
"5610","TRATCUY128F9308A38","1"
"5611","TRATDDF128F4294E6A","1"
"5613","TRATDIZ128F4242796","2"
"5629","TRATFEN128F14A3A6E","2"
"5642","TRATGQO128F421B850","1"
"5653","TRATHFM128F148ADD4","1"
"5658","TRATHTH128F42BC347","2"
"5660","TRATHVA128F9322A79","1"
"5673","TRATIRE128F42A667F","1"
"5689","TRATKAA128F426E8A0","2"
"5701","TRATKXV128F92D0480","1"
"5706","TRATLOJ128F9308ABB","1"
"5709","TRATMAL128F427EC8D","2"
"5728","TRATNKU128F92F60C1","1"
"5729","TRATNMX128F427C2FC","2"
"5740","TRATOHC128EF3460DA","1"
"5763","TRATQDK128F1489B3E","1"
"5791","TRATTAF128F147CA09","1"
"5796","TRATTNI128E0799697","1"
"5805","TRATUPO128F9305A5C","2"
"5807","TRATUQR128F422F34D","1"
"5828","TRATWUD128F9309671","2"
"5830","TRATWYC12903CE60D6","2"
"5835","TRATXSW128F4243364","1"
"5842","TRATYJI128F4255D27","2"
"5856","TRATZQS128F1467D4B","2"
"5872","TRAUBMP128F9307E1C","1"
"5905","TRAUDRC128F148D15E","2"
"5914","TRAUEIZ128F14AE167","1"
"5917","TRAUEWN128F932C32C","1"
"5918","TRAUEYX12903CEAF48","1"
"5920","TRAUFDN128E07926A5","2"
"5928","TRAUFZY12903CD738A","1"
"5932","TRAUGLZ128F14AE500","1"
"5934","TRAUGQI128F4295BD1","2"
"5935","TRAUGRD128F425E997","1"
"5948","TRAUHXR12903CBDFE4","1"
"5950","TRAUIBK128F9345A79","1"
"5952","TRAUIHC128F427EEF9","1"
"5962","TRAUJLJ128E0784E7C","2"
"5966","TRAUJTZ12903CF7BB4","1"
"5972","TRAUKJZ128F9335412","1"
"5985","TRAULEG128F92F035B","1"
"5986","TRAULGT12903D10B94","4"
"5988","TRAULJK128F4294B58","1"
"5998","TRAUMIX12903CE640C","2"
"5999","TRAUMMP12903C9D5C4","1"
"6000","TRAUMNH128F92FB67F","1"
"6006","TRAUNEL128F1467D5C","1"
"6011","TRAUNNH12903CB038C","1"
"6013","TRAUNPM12903CB7CCC","1"
"6015","TRAUOAA128F4245ECF","1"
"6021","TRAUONA128F4255A38","2"
"6024","TRAUOPE128EF367610","2"
"6033","TRAUPSV128F427B621","1"
"6041","TRAUQFT128F4270904","1"
"6052","TRAURHK12903CA60F8","1"
"6057","TRAURRP128F4261B94","2"
"6064","TRAUSHD128E0795347","1"
"6067","TRAUSOM128F9337BC3","1"
"6070","TRAUSYQ12903CE5242","2"
"6073","TRAUTCA128F429B624","2"
"6079","TRAUTPD128F92F1376","2"
"6080","TRAUTSN128F14ADD4A","1"
"6081","TRAUTTP128F425BDEB","2"
"6082","TRAUTXO128F4263C8E","1"
"6086","TRAUUIF128F93232FE","1"
"6093","TRAUVAQ128F92DC677","1"
"6103","TRAUVSF128F14A0B6F","2"
"6104","TRAUVTO128F4297AA2","1"
"6105","TRAUVUF128F148D1AA","5"
"6106","TRAUVVR128F425A925","1"
"6108","TRAUWFN128F1462E09","1"
"6114","TRAUWQL128F424696E","1"
"6116","TRAUWWP12903CC79CB","1"
"6118","TRAUXEL128F42683D5","1"
"6124","TRAUXSK128F427C58D","1"
"6125","TRAUXSO128F42B863C","1"
"6129","TRAUYLT128F427538E","1"
"6131","TRAUYOD128F42647FE","1"
"6139","TRAUZFY128F42BCE57","1"
"6161","TRAVBCR128F933AE8E","1"
"6173","TRAVCNA128F930975C","1"
"6177","TRAVDBI12903D105BB","4"
"6180","TRAVDDJ128F92EF09C","1"
"6186","TRAVDQQ128F421B864","1"
"6193","TRAVELY128F42606F8","2"
"6200","TRAVFEW128F92E2B47","1"
"6204","TRAVFPH128F42621EE","1"
"6206","TRAVFSW128F145C1D2","2"
"6210","TRAVGFT128F424278B","2"
"6212","TRAVGKM128F92C58B4","1"
"6215","TRAVGNH128F428CBA9","1"
"6220","TRAVHCL128F93015C4","1"
"6221","TRAVHIA128F1494B0C","1"
"6222","TRAVHLR128F146B476","1"
"6243","TRAVKGM12903CA66FB","1"
"6246","TRAVKJJ128F424DA32","1"
"6259","TRAVLNW128F4272F05","1"
"6260","TRAVLWL128F424EF6A","1"
"6273","TRAVMZX128F14AB117","1"
"6288","TRAVOHH128F4247EF9","1"
"6301","TRAVPHL128F424EAE1","1"
"6312","TRAVQBP128F145BB9B","1"
"6318","TRAVQPL128F9308D97","1"
"6326","TRAVRJA128F9329C4C","1"
"6330","TRAVROF128F421AC2D","1"
"6331","TRAVRPL128F145E874","1"
"6336","TRAVSQE12903CB6879","1"
"6352","TRAVTUD128F93094F2","1"
"6369","TRAVVEB128F934DD34","2"
"6389","TRAVWTN128F425D2D5","1"
"6393","TRAVWYR128F92DED0F","2"
"6394","TRAVWZA128F931F36E","1"
"6395","TRAVXBL128F42BB389","1"
"6398","TRAVXII128F92FCC6D","2"
"6400","TRAVXUN12903CAC564","1"
"6404","TRAVYHI12903CB95EC","2"
"6405","TRAVYIU128F42625E1","1"
"6410","TRAVYVD128F4237876","2"
"6412","TRAVYXL128EF34722F","1"
"6419","TRAVZWX128F92EC110","1"
"6432","TRAWAXV128F92E075C","1"
"6433","TRAWBBO128F92D15E1","1"
"6441","TRAWBOE128F92F2F46","1"
"6446","TRAWBVQ128F149ADFD","1"
"6453","TRAWCGS128F934BE2F","1"
"6456","TRAWCJY128F146A1D5","1"
"6458","TRAWCQE128F14676AC","1"
"6471","TRAWDLK128EF342E1E","2"
"6472","TRAWDOU128F146D770","1"
"6474","TRAWDWZ128F9340E55","2"
"6479","TRAWEDC128F14A2EBA","1"
"6481","TRAWEFD12903CBADE8","1"
"6483","TRAWEIX128F14B0F05","2"
"6486","TRAWEST128F4242614","1"
"6492","TRAWFCM12903CBE6FA","1"
"6493","TRAWFGF128E0792FE0","1"
"6504","TRAWFYX12903CA4766","1"
"6505","TRAWFZB128F92FFB99","1"
"6507","TRAWGKB128F4268327","4"
"6508","TRAWGLP128F92DE5AD","1"
"6513","TRAWGXD128F428A36B","1"
"6514","TRAWGYK128F42B847B","1"
"6524","TRAWHTB128F92FE5B8","1"
"6529","TRAWHZK12903CB5A01","1"
"6534","TRAWIGC128F4295A2F","2"
"6535","TRAWIGT128F427448E","1"
"6536","TRAWIJG128F42B502C","1"
"6556","TRAWJPF128F42626DB","1"
"6562","TRAWKPT128E0795428","1"
"6584","TRAWLYD128F42153D2","1"
"6587","TRAWMBE128F423A76C","1"
"6599","TRAWNDA128F9341C35","1"
"6602","TRAWNOH128F4287513","1"
"6604","TRAWNSM12903CA71FC","1"
"6606","TRAWOBG128F93256C6","1"
"6609","TRAWOCY128F145B051","1"
"6610","TRAWODX128F42AC413","1"
"6611","TRAWOHD128F148D176","1"
"6619","TRAWOVS128F424DC49","1"
"6621","TRAWPBO128F933D918","1"
"6622","TRAWPFX128F92E58B5","1"
"6629","TRAWPNC128F92EAA90","1"
"6639","TRAWQSO128F424E2F9","1"
"6647","TRAWRKQ128F429866C","1"
"6662","TRAWSSL12903CC4734","1"
"6666","TRAWSYF128F149431A","1"
"6668","TRAWTGS128F14569A8","1"
"6669","TRAWTHB12903CB6497","2"
"6671","TRAWTKK128F92C25D0","2"
"6681","TRAWTUG12903CB2DB8","1"
"6683","TRAWTUV128F426DD46","1"
"6689","TRAWULX128F4291255","1"
"6699","TRAWVNL128F9327983","1"
"6703","TRAWVWS128F42ADCD1","2"
"6706","TRAWWHT128F426894E","1"
"6707","TRAWWIK128E078D19C","1"
"6729","TRAWYNV128F92F5E7E","1"
"6731","TRAWYTV128F429DEE8","1"
"6737","TRAWZLK128F930EC02","1"
"6738","TRAWZRG128F1489B24","1"
"6744","TRAXALK128F1462FF7","1"
"6745","TRAXAMO128F4289D24","2"
"6760","TRAXBUJ128F4247432","1"
"6761","TRAXBVE128F932BD11","1"
"6770","TRAXCZO12903CB819D","1"
"6771","TRAXDAH128F422BBFC","1"
"6772","TRAXDBM128E0785BD8","1"
"6781","TRAXDNU128F9341CDE","1"
"6783","TRAXDRW128F428A030","1"
"6791","TRAXEHW128F423E590","1"
"6814","TRAXGVY128F933E9C9","2"
"6839","TRAXIYW12903CB4343","1"
"6840","TRAXJBW128E0788652","2"
"6846","TRAXJIS12903CCAF92","1"
"6849","TRAXJOA128F93474E8","1"
"6853","TRAXJVO128F42AC534","1"
"6871","TRAXLIU128E07860D4","2"
"6875","TRAXLPR128F428E466","1"
"6878","TRAXLYT128F9348137","2"
"6890","TRAXMWV128F14612AB","1"
"6915","TRAXPGM128F428BBA6","1"
"6916","TRAXPHE128F92F4100","1"
"6918","TRAXPJU128F148ADE8","1"
"6921","TRAXQDR128F4260194","1"
"6929","TRAXQZA128F1463DEB","1"
"6939","TRAXRSK128F42B44D2","1"
"6947","TRAXSWS128F4254E1A","2"
"6958","TRAXUBG128F9332164","1"
"6960","TRAXUHM128E078900C","1"
"6961","TRAXUIZ12903CDF737","1"
"6964","TRAXUPN128F42855C8","1"
"6966","TRAXUQL128F932D6C4","1"
"6980","TRAXWDS12903CEE35E","1"
"6994","TRAXXGI128F14688C7","1"
"6995","TRAXXIT128F4263075","1"
"7010","TRAXYPP128F92F9111","1"
"7022","TRAXZSJ128F145B3B0","1"
"7026","TRAYADL128F14A4735","1"
"7027","TRAYAKN128F9330A65","1"
"7039","TRAYBTO128F932008B","1"
"7049","TRAYCVB128F92EB7B0","2"
"7058","TRAYDXA128F42296C6","4"
"7060","TRAYDYV128F42906E1","1"
"7061","TRAYDZH128C71967BC","1"
"7062","TRAYDZS128F4288459","1"
"7063","TRAYEGN128F9361233","1"
"7065","TRAYEKM128F92FB049","1"
"7070","TRAYESZ128F1458FAE","1"
"7071","TRAYEUY128F4233766","1"
"7081","TRAYFPK128E07850DC","1"
"7082","TRAYFXH128F92E20F8","1"
"7083","TRAYGBT12903CF5DF0","1"
"7089","TRAYGQU128F934B4F5","1"
"7092","TRAYGYF128F930CA01","1"
"7110","TRAYICR128F4282520","2"
"7114","TRAYIUG12903CC7E3C","2"
"7115","TRAYIUY128F4289952","1"
"7122","TRAYJHF128F4294CB8","2"
"7125","TRAYJOF128F92F9EEA","1"
"7140","TRAYKZI128F932B9E8","1"
"7143","TRAYLEA128F42B9487","1"
"7145","TRAYLKH128F427BCCC","1"
"7152","TRAYLSA12903CD02FC","2"
"7153","TRAYMFR12903D09540","1"
"7177","TRAYOQI128F92F0967","1"
"7182","TRAYPFH128E07937C3","1"
"7186","TRAYPMR128E0785DD1","1"
"7190","TRAYQAI12903CBDD3D","2"
"7192","TRAYQCQ12903C99425","1"
"7195","TRAYQKQ128F1491182","2"
"7218","TRAYSMW128F1468307","1"
"7222","TRAYSUA128F9338AD8","1"
"7229","TRAYTMY12903CE4E5A","1"
"7239","TRAYUCR128F92E574F","2"
"7244","TRAYUKR128F9344BB4","1"
"7266","TRAYWLI128F9300223","1"
"7284","TRAYXPS128F422842E","1"
"7289","TRAYXZX128F930F022","1"
"7290","TRAYYAU128F92D58D0","1"
"7301","TRAYYKO128F92E133B","1"
"7314","TRAYZXR128F934858F","2"
"7315","TRAYZXS12903CF1C4F","1"
"7316","TRAYZXT128F42650B1","1"
"7324","TRAZAKG12903CF8157","1"
"7348","TRAZCOX128F42B6555","1"
"7349","TRAZCPK128E078AF3F","1"
"7351","TRAZCSY128F42683F2","1"
"7352","TRAZCUE128F4223510","1"
"7363","TRAZDKY128F4235130","1"
"7370","TRAZEBG128F1456D2E","1"
"7388","TRAZFYU128F93569C6","1"
"7412","TRAZIQB128F934B755","1"
"7419","TRAZJGD128F4289D2A","2"
"7425","TRAZJRY128F92E9CD6","1"
"7432","TRAZKAG12903CD1918","1"
"7440","TRAZKPM12903CE9664","1"
"7443","TRAZLCH12903CE3D6D","2"
"7447","TRAZLFO12903CB6C0B","1"
"7455","TRAZLVR128E078F044","1"
"7471","TRAZNDI128F9321777","2"
"7487","TRAZOEU128F92E28DD","1"
"7489","TRAZORC128F426C323","1"
"7490","TRAZOSB128F9302A07","2"
"7503","TRAZQET128F42A0449","1"
"7511","TRAZRAR128F1477778","1"
"7513","TRAZRBR128E0782989","1"
"7517","TRAZRKK12903CD7385","1"
"7521","TRAZRXP12903CBD6A9","1"
"7524","TRAZSCZ128F42554F4","1"
"7527","TRAZSFV128F14806FE","1"
"7531","TRAZSJY128F92CCEA0","1"
"7538","TRAZSVJ128E0785129","1"
"7539","TRAZSVT128F92DEC7B","1"
"7541","TRAZSZD128F424AA49","2"
"7542","TRAZTBZ12903CFB6DA","1"
"7567","TRAZVFJ128F9310CE2","1"
"7569","TRAZVMZ128F1476A87","1"
"7574","TRAZVVV128F428A033","1"
"7575","TRAZVYP128F1459AD9","1"
"7576","TRAZVZJ128F92EF28A","1"
"7581","TRAZWFF128F42508A6","1"
"7583","TRAZWGV128F425DA7C","1"
"7587","TRAZWTT128F935AA16","1"
"7589","TRAZXBG12903CC5BF2","1"
"7590","TRAZXBO128F429DA70","2"
"7591","TRAZXDC128F429874E","2"
"7604","TRAZYVR128F4280A24","2"
"7606","TRAZYYE128F1456A0E","1"
"7615","TRAZZQC128F427A0F5","1"
"7623","TRBAAGQ128F148D17E","1"
"7625","TRBAAOC128F42A6BEA","2"
"7626","TRBAAOT128F4261A18","1"
"7630","TRBABAC128E07852A8","1"
"7635","TRBABGU128F93391B2","2"
"7650","TRBACUF128F4247F8C","2"
"7655","TRBADFY128F422F325","1"
"7657","TRBADGN128F42AA534","1"
"7685","TRBAFWX12903CA9831","1"
"7699","TRBAHBP128F42985D6","1"
"7704","TRBAHJW128F92CC8B4","1"
"7707","TRBAHPZ128F427FCEA","1"
"7713","TRBAIAW128F92C5652","1"
"7717","TRBAIHN128F427D480","1"
"7718","TRBAIKM12903CBCF21","2"
"7733","TRBAJRL128F1482E66","1"
"7742","TRBAKRM128F4248228","1"
"7747","TRBALIJ128F14884B5","1"
"7756","TRBAMEV128F148C814","1"
"7765","TRBAMXF128F1470AD6","1"
"7769","TRBANBC128F147E363","2"
"7770","TRBANCJ128F42812AE","1"
"7772","TRBANHO128F425A477","1"
"7776","TRBANPN128F148CC45","2"
"7782","TRBAOBO128F1456D66","2"
"7790","TRBAOJU128F42621E6","1"
"7812","TRBARHH128E078EDE9","1"
"7815","TRBARSX12903D03AE5","4"
"7822","TRBASGH128F4276439","1"
"7835","TRBATKI128F4284D54","2"
"7840","TRBATSC128F427D709","1"
"7850","TRBAULO128F93300AE","1"
"7851","TRBAUPE128F9305DC7","1"
"7858","TRBAVLT128F428F147","1"
"7871","TRBAWSG128F14ADD48","1"
"7875","TRBAXDP12903CD1922","1"
"7878","TRBAXUW128F933BBD9","1"
"7881","TRBAYEM12903CAC072","1"
"7882","TRBAYER128F933D3B7","1"
"7889","TRBAZFD12903CB641D","1"
"7895","TRBAZYH128F4288198","1"
"7902","TRBBAHD128F428E0FE","1"
"7904","TRBBAKH128F92FA339","1"
"7916","TRBBBMT128F42A0A4E","2"
"7920","TRBBCBT12903CB0497","1"
"7923","TRBBCJH128F930C970","2"
"7937","TRBBDPA12903CCCA06","1"
"7939","TRBBDXO128F14A4737","1"
"7944","TRBBEGG128F9314BAA","1"
"7946","TRBBEJC128F4281471","1"
"7947","TRBBEQY128F42373AF","1"
"7948","TRBBEYU128F4235623","2"
"7949","TRBBFBZ128F42493ED","1"
"7957","TRBBFUA128F933AB95","1"
"7958","TRBBGDK128F427D450","1"
"7965","TRBBGQN128F9310CBE","2"
"7967","TRBBHFE12903CA5EEB","1"
"7969","TRBBHLO128F9302EA4","1"
"7970","TRBBHPQ128F145A7F8","1"
"7974","TRBBHUW128F429476F","1"
"7977","TRBBIBE128F4226E29","1"
"7983","TRBBILZ12903CB422C","1"
"7984","TRBBIPG128F92FA94D","1"
"7988","TRBBJAJ128F425DA40","1"
"7989","TRBBJBO128F92EB2C5","1"
"7991","TRBBJFO12903D074EE","1"
"8001","TRBBJVE128F9303F10","1"
"8005","TRBBKLD128F424ABF5","1"
"8010","TRBBKXZ128F4215C88","1"
"8015","TRBBLFA12903CDC496","1"
"8020","TRBBLTE128F42558EF","1"
"8028","TRBBMDA12903CB688E","1"
"8030","TRBBMIF12903CA1EB0","1"
"8032","TRBBMLR128F1466822","2"
"8034","TRBBMQN128EF35F995","1"
"8055","TRBBOBQ12903CC5186","1"
"8060","TRBBOPV12903CFB50F","1"
"8063","TRBBOUN128F425A4E6","1"
"8067","TRBBPPB128F14AB242","1"
"8069","TRBBPSX128F93332EE","1"
"8073","TRBBQFV128F4252EFF","1"
"8076","TRBBQJZ128F92C5AF2","1"
"8081","TRBBREF128F933CCDD","2"
"8100","TRBBTDV128F934F6B1","1"
"8108","TRBBTUD128F42A10A3","1"
"8110","TRBBTZW12903CE7495","1"
"8114","TRBBULA128F146E122","1"
"8115","TRBBUOJ128F92FC6F2","1"
"8118","TRBBVBM128F4276D82","1"
"8133","TRBBWIP128F4287400","2"
"8136","TRBBWNS128F426F760","1"
"8138","TRBBXEG128F424EC2C","1"
"8142","TRBBXMC128F422C330","1"
"8143","TRBBXML128F4256DFF","1"
"8150","TRBBYDT128F14805B4","1"
"8151","TRBBYFJ128F42A22D4","1"
"8154","TRBBYOI128F4256732","1"
"8164","TRBBZOG128F422B02B","1"
"8165","TRBBZQM128F931A529","1"
"8176","TRBCALG128F1483839","2"
"8177","TRBCANP128F92FA6B9","1"
"8187","TRBCBLN128F932BC9D","1"
"8188","TRBCBLV128F14ADF31","1"
"8199","TRBCBXZ128F14628C3","1"
"8201","TRBCCAJ128F148CBBB","2"
"8210","TRBCDCS128F422F0CF","1"
"8225","TRBCEVJ128F428E090","1"
"8231","TRBCFLI128F429F370","2"
"8236","TRBCGET128F9315E90","1"
"8241","TRBCGKN128F4269BD4","1"
"8244","TRBCGRI128F93355E9","1"
"8247","TRBCGXN128F148C0CD","1"
"8257","TRBCHSH128F93304E1","1"
"8273","TRBCIXV128F4261F09","1"
"8276","TRBCJIX128F424F99E","1"
"8278","TRBCJQH128F1497A7B","1"
"8281","TRBCJRW12903CD02BC","1"
"8282","TRBCJSZ128E07969B5","1"
"8284","TRBCJUF128F93190C2","1"
"8287","TRBCKEI128F92FE542","1"
"8290","TRBCKNP128F4222D54","1"
"8292","TRBCKRF128F9320920","2"
"8299","TRBCLGH12903CCA1D0","1"
"8333","TRBCPXR128F42AC544","1"
"8337","TRBCQLB128F9332CF4","1"
"8346","TRBCRDW128F422D8BA","1"
"8362","TRBCSDW128F424D686","1"
"8371","TRBCSSP128F933B1D2","2"
"8376","TRBCTBG128F42B7E1B","1"
"8382","TRBCTRX128F4299237","1"
"8388","TRBCULX128F92F5CB3","2"
"8391","TRBCUPT128F1462B73","1"
"8398","TRBCVFF128F4222C3C","1"
"8401","TRBCVKL128F92CE9EF","1"
"8404","TRBCVPD12903CECBE8","1"
"8412","TRBCWGM128F428D6FD","1"
"8420","TRBCWPC128F42438DF","1"
"8423","TRBCWYB128F92E246A","1"
"8424","TRBCWYJ128F93213A1","1"
"8437","TRBCYEC128F423A352","1"
"8470","TRBDBRX128F92F6E19","1"
"8472","TRBDBVM128F427BCC9","1"
"8475","TRBDBXO128F42B3E45","1"
"8476","TRBDCAB128F92F7EE4","1"
"8488","TRBDDTT128F4291192","1"
"8489","TRBDEKV128F426BDAF","1"
"8492","TRBDENV12903CC4FDA","1"
"8502","TRBDFPV128F42A072C","1"
"8505","TRBDFUU128F92EF5BC","1"
"8523","TRBDHKL128F426BE45","1"
"8529","TRBDHUD128F934B032","1"
"8530","TRBDHUE128F9317991","1"
"8535","TRBDIBC12903CE95C2","1"
"8540","TRBDIMX128F147A307","1"
"8542","TRBDIPI128F4279185","1"
"8544","TRBDITJ128F145998C","2"
"8545","TRBDITK128F931B9A7","1"
"8546","TRBDIZG12903CD68A3","1"
"8562","TRBDKQI128F1465028","2"
"8570","TRBDLRT128F4296B2F","2"
"8571","TRBDLXE128F9310E95","1"
"8575","TRBDMCC128F9358267","1"
"8582","TRBDMRW128F933A391","1"
"8584","TRBDMWS128F423A021","2"
"8597","TRBDNNY128F147C34C","1"
"8600","TRBDNWG12903CC3873","1"
"8602","TRBDNZI128F14A9065","1"
"8605","TRBDODQ128F423A780","1"
"8606","TRBDOEI128F9329AE5","2"
"8618","TRBDOVF128E0795641","2"
"8627","TRBDPRV128F9306A7E","1"
"8633","TRBDQLL128E078B757","1"
"8646","TRBDRIN128F9308ABF","1"
"8655","TRBDSFP128E07937B9","1"
"8657","TRBDSLA128F4288246","1"
"8664","TRBDSWA128F92FE70A","1"
"8666","TRBDSXV128F92F5B43","1"
"8670","TRBDTNY128F9327A10","1"
"8673","TRBDTZX128F92DFA66","1"
"8679","TRBDUSM128F9339A13","1"
"8682","TRBDUXD128F148328A","1"
"8688","TRBDVJF128E078894B","1"
"8689","TRBDVLN128E078C6FB","1"
"8693","TRBDVVT128F4279D11","2"
"8695","TRBDVZL128F92F579F","1"
"8718","TRBDYEF128F423DC43","1"
"8722","TRBDYIC128F92F1D17","2"
"8737","TRBEAMO128F425B75F","1"
"8740","TRBEATE128E078F0D8","2"
"8744","TRBEAXZ128F424347B","2"
"8748","TRBEBEZ128E0792F08","1"
"8750","TRBEBNV128F423783D","1"
"8752","TRBEBUU128F92C945D","1"
"8753","TRBEBVZ128F425A660","1"
"8754","TRBEBWG128F93214A4","1"
"8755","TRBEBWN128F933D21F","1"
"8756","TRBEBYV128F14A0B65","1"
"8757","TRBECAL128F4270F27","1"
"8759","TRBECBY128F148B6F3","1"
"8763","TRBECKU128F428B08A","2"
"8769","TRBECUJ128F14B0BA7","1"
"8771","TRBEDBC128F145B134","1"
"8773","TRBEDIR128F4250FBD","1"
"8785","TRBEELS128F42B63A8","1"
"8789","TRBEERY128F4231A2E","1"
"8795","TRBEFFG128E0793C24","2"
"8796","TRBEFJE128F932139E","1"
"8798","TRBEFQB128F932138A","1"
"8811","TRBEHBS128F4233471","2"
"8814","TRBEHFA128F145B3DA","1"
"8819","TRBEHNT128E0792546","1"
"8822","TRBEIAM12903CF4476","1"
"8824","TRBEIBI12903CC4C7B","1"
"8825","TRBEIKK128F14628D6","2"
"8827","TRBEIRT128F42A6680","1"
"8830","TRBEIVC128F9320E95","1"
"8842","TRBEKGF12903CBE1C6","1"
"8843","TRBEKGR128F425DA44","1"
"8862","TRBEMTF128F42660CA","1"
"8868","TRBENNA12903D0411A","1"
"8870","TRBENTT128E0781C26","1"
"8874","TRBENZL128F1455ECA","1"
"8878","TRBEOMZ12903CBCD33","1"
"8880","TRBEONX128E0788D2B","1"
"8898","TRBEQFT128F4238A28","2"
"8920","TRBESEX128F147BB13","2"
"8921","TRBESGH128E0788912","1"
"8932","TRBEUMG128F422305C","2"
"8935","TRBEUSV128F42A5F43","1"
"8942","TRBEVTM128F92FE2B2","2"
"8944","TRBEWCS128F428BA34","1"
"8958","TRBEYDS128F148C563","2"
"8959","TRBEYEO128F9308A8D","1"
"8962","TRBEYJR128F4292651","2"
"8971","TRBEYYM128F1493C56","1"
"8989","TRBFAKP128F148B600","1"
"9012","TRBFBUO128F42A3DED","1"
"9025","TRBFCZL128F42915B0","1"
"9026","TRBFDGT128E0786A25","2"
"9029","TRBFDRD128F92F79D5","2"
"9034","TRBFEIX128F426A5F8","1"
"9052","TRBFGFF12903CF4183","1"
"9059","TRBFHQG128F93092E5","1"
"9067","TRBFIAK128E07823AA","1"
"9069","TRBFICL12903C9CE02","1"
"9071","TRBFIHG128F4289CF9","1"
"9073","TRBFIUJ12903CFEB7C","1"
"9078","TRBFJGB128F42612B1","2"
"9093","TRBFKNY128F92E0FF2","1"
"9098","TRBFLER128F148C52B","1"
"9099","TRBFLFI128F427F374","1"
"9101","TRBFLIP128E07897B4","1"
"9106","TRBFLOH128F42630E3","1"
"9108","TRBFLSD128F42A0F4C","2"
"9110","TRBFMAS128E078F352","1"
"9116","TRBFMFO128F421BFD4","1"
"9127","TRBFNBC12903CA9800","1"
"9134","TRBFNMG128F4278109","1"
"9145","TRBFOEA128F425D2DB","2"
"9157","TRBFPEP128F14ADD52","1"
"9158","TRBFPJD128F933B5C3","1"
"9163","TRBFPRL128F14569B9","1"
"9173","TRBFQPI128F4280CDA","2"
"9174","TRBFQQY128F4249C56","1"
"9177","TRBFRFR128E0781C86","1"
"9192","TRBFSKB128F145C5B1","1"
"9193","TRBFSNP128F14572B5","1"
"9196","TRBFSPZ12903CB5230","1"
"9205","TRBFUMI128F42B5731","1"
"9206","TRBFUNY128C7196B7D","1"
"9207","TRBFUPH128F426310A","2"
"9209","TRBFURI128F1455498","1"
"9210","TRBFUSW128F92D0357","1"
"9213","TRBFUXQ128F145B135","1"
"9214","TRBFVAA128F423C356","2"
"9218","TRBFVEP128F42621E3","1"
"9221","TRBFVMO128F14537D3","1"
"9226","TRBFVZZ128F92FD7B5","2"
"9230","TRBFWSP128F92F29B4","1"
"9237","TRBFWYX128F145F889","2"
"9241","TRBFXMJ12903CB50F6","1"
"9246","TRBFXVN128E078CF62","2"
"9250","TRBFYJE128F14A8ABF","2"
"9252","TRBFYKT128F428AFF7","1"
"9268","TRBGACK12903CD5CF5","1"
"9283","TRBGBIK128F4294A67","2"
"9290","TRBGBUY128F422B413","1"
"9293","TRBGCAK128F425F3CC","2"
"9314","TRBGEGB128F9345BD0","1"
"9324","TRBGEZA128F4286D23","1"
"9330","TRBGFLG128F1465AFD","1"
"9334","TRBGFXC12903D01967","1"
"9338","TRBGGFE128E0785AC0","1"
"9344","TRBGGTE128F424ECBC","1"
"9347","TRBGGYE128F42B63AB","1"
"9351","TRBGHJG128F428ADB4","1"
"9354","TRBGHND128E079438C","1"
"9357","TRBGHVM128F146B47A","1"
"9360","TRBGIAQ128F1483BFE","1"
"9361","TRBGICJ128F427BA9A","1"
"9362","TRBGIDU128F4241A2E","1"
"9368","TRBGITL12903CF2662","1"
"9371","TRBGJDW128F4292EDB","2"
"9398","TRBGLAD128F9343692","1"
"9404","TRBGLRQ12903CA86EE","1"
"9407","TRBGLSW12903CE3D8A","2"
"9415","TRBGMJF128F425E8EA","1"
"9426","TRBGNAF128F9339532","1"
"9433","TRBGNNC128F148D427","1"
"9442","TRBGODE128E0785BC8","1"
"9447","TRBGOVC128F934435E","1"
"9450","TRBGPCC128F428FF02","1"
"9457","TRBGPWE128F421CCB4","1"
"9461","TRBGPZX128F4285105","2"
"9478","TRBGRIP128F147FCA6","1"
"9485","TRBGRWH128F92E3551","1"
"9487","TRBGSAQ128F1470B41","1"
"9503","TRBGTNZ128F1481BBD","1"
"9504","TRBGTPK128F429E5D5","2"
"9506","TRBGTZD128EF34B6C3","2"
"9517","TRBGUTI128E07872F0","2"
"9518","TRBGUUE128F1494FB6","2"
"9519","TRBGUUF128F9334B97","1"
"9525","TRBGWEG12903CFF7EE","2"
"9527","TRBGWGD128F42418B2","1"
"9530","TRBGWQG128F92FB42D","1"
"9536","TRBGWVI128E0788AE7","1"
"9538","TRBGWWM12903CCE627","1"
"9544","TRBGXHJ128F93302C7","2"
"9546","TRBGXHS128F426B568","1"
"9557","TRBGYCS128F4277187","1"
"9581","TRBHAAK128F92E27BF","2"
"9584","TRBHAFV128F425D48E","1"
"9598","TRBHCQA128F149F192","1"
"9604","TRBHCXR128F92E7D0E","1"
"9607","TRBHDGL128F42324A7","1"
"9621","TRBHEBY128F148CF2B","1"
"9635","TRBHEVR128F4263CE0","1"
"9641","TRBHFDA128F4270728","1"
"9658","TRBHGUK128E078E031","1"
"9659","TRBHGVH128F148AD73","2"
"9667","TRBHHFG128F93353FE","1"
"9686","TRBHIRB128F1452ACC","1"
"9687","TRBHIVF128E078DB92","1"
"9689","TRBHJAY128F14A9061","1"
"9692","TRBHJJP128F145EA12","1"
"9695","TRBHJPQ128E078ED8F","1"
"9725","TRBHLDQ128F423EF10","2"
"9742","TRBHMMC128F424991B","2"
"9749","TRBHMZS128F42658FF","2"
"9752","TRBHNEU128F426E873","1"
"9753","TRBHNHZ128F42A6BEF","2"
"9762","TRBHOEV128F4279182","1"
"9783","TRBHQHN128F148A1B3","1"
"9788","TRBHQUM128F9309DE1","1"
"9789","TRBHQXZ128F42408ED","1"
"9798","TRBHRME128F42537E5","1"
"9803","TRBHSDN128F4274E9F","1"
"9814","TRBHSWH12903D07A35","2"
"9817","TRBHTKF128F92CC5D2","1"
"9819","TRBHTOR128F428CADE","1"
"9821","TRBHTSP128F9307CC3","1"
"9828","TRBHUEU12903CB049A","1"
"9833","TRBHUPU128F4230F81","1"
"9836","TRBHUUZ128F425C46F","1"
"9837","TRBHUVB128F148ADB8","1"
"9848","TRBHWOM128F9322A72","1"
"9869","TRBHYIK128F92E210B","1"
"9873","TRBHYTA128F93425AC","1"
"9876","TRBHYYH128F42390AC","4"
"9885","TRBHZUN12903CA60F7","1"
"9886","TRBHZYO128E07862BE","2"
"9897","TRBIAVU128EF3493BA","2"
"9898","TRBIBAQ128F93279F5","1"
"9901","TRBIBKA128F42947BF","2"
"9910","TRBIBTU128F92FDC9D","2"
"9916","TRBICGT128E0792473","1"
"9922","TRBICVB128F9326B65","1"
"9949","TRBIFGK128F92F23A2","1"
"9955","TRBIFUD128F1495AE2","2"
"9965","TRBIGRU128F145B139","1"
"9966","TRBIGRY128F42597B3","1"
"9968","TRBIGTG128F92EDBAC","1"
"9971","TRBIHAU128F425C317","1"
"9982","TRBIIEU128F9307C88","1"
"9989","TRBIJES12903CF5B12","1"
"9996","TRBIJMU12903CF892B","1"
"10000","TRBIJYB128F14AE326","1"
