"","tracks","assignments"
"1","TRAAABD128F429CF47","6"
"2","TRAAAEF128F4273421","1"
"3","TRAAAFD128F92F423A","6"
"4","TRAAARJ128F9320760","1"
"5","TRAABJV128F1460C49","7"
"6","TRAABLR128F423B7E3","1"
"7","TRAABVM128F92CA9DC","6"
"8","TRAACER128F4290F96","6"
"9","TRAACFV128F935E50B","1"
"10","TRAACHN128F1489601","1"
"11","TRAADLH12903CA70EE","10"
"12","TRAADNA128F9331246","1"
"13","TRAADQX128F422B4CF","1"
"14","TRAADYB128F92D7E73","6"
"15","TRAADYI128E078FB38","1"
"16","TRAAENC128F1451DE9","1"
"17","TRAAFMS128F933AB23","2"
"18","TRAAFUJ128F933F42B","1"
"19","TRAAGCZ128F93210FD","1"
"20","TRAAGEC128E079252C","6"
"21","TRAAGGE128F9325E2C","1"
"22","TRAAGHM128EF35CF8E","6"
"23","TRAAGJV128F1464090","1"
"24","TRAAGMJ12903CAD7D4","2"
"25","TRAAGPF12903CE027E","6"
"26","TRAAGPJ128F428CD1B","1"
"27","TRAAGVM128E0784D95","1"
"28","TRAAHEG128E07861C3","1"
"29","TRAAHRF128F92FE234","6"
"30","TRAAHZP12903CA25F4","10"
"31","TRAAIAE128F42AC53D","6"
"32","TRAAIAX128F930531B","6"
"33","TRAAIHL128F92E6DDA","6"
"34","TRAAIII128F427D5D8","6"
"35","TRAAJAC128F148B530","1"
"36","TRAAJEK128F422F55A","1"
"37","TRAAJJA12903CC518A","1"
"38","TRAAJJG128F4284B27","1"
"39","TRAAJMH128E0785407","6"
"40","TRAAJYX128F4255568","7"
"41","TRAAKAS128F4246013","6"
"42","TRAAMES128F42AF068","6"
"43","TRAAMFG128F92FDEA2","6"
"44","TRAAMPA128F92E7D0D","6"
"45","TRAAMYQ128F148B753","1"
"46","TRAANBH128F9345A6C","1"
"47","TRAAOIN128F9303790","1"
"48","TRAAOJI128F1458DCD","1"
"49","TRAAOYG128F9314996","1"
"50","TRAAPCC128F42519A7","6"
"51","TRAAPGF128F1458F8B","1"
"52","TRAAPIV128F1493132","6"
"53","TRAAPPQ128F14961F5","1"
"54","TRAAQBF12903CF796B","8"
"55","TRAAQCK128F92E8C33","1"
"56","TRAAQIH128F428BDEA","1"
"57","TRAAQUC128F9322A82","1"
"58","TRAAQZQ128EF35C51A","6"
"59","TRAARSF12903CD1B12","8"
"60","TRAASFP128F42980BD","8"
"61","TRAASGM128EF34DBB0","1"
"62","TRAASQC128F93480F0","6"
"63","TRAASUZ128F9314950","6"
"64","TRAATIU128F4291A84","10"
"65","TRAATMY128F149562F","6"
"66","TRAATNJ128F42631BA","6"
"67","TRAATPA128F146753C","1"
"68","TRAAUEO128E0780CB9","6"
"69","TRAAUGD128F42734DA","1"
"70","TRAAUMN128F4273561","6"
"71","TRAAUZX128F92F3D53","1"
"72","TRAAVGB12903CFAA99","8"
"73","TRAAVOK12903CC4773","6"
"74","TRAAVOU128F422F292","6"
"75","TRAAVRJ128F92FF90A","1"
"76","TRAAWGY128F4298A09","1"
"77","TRAAWOR128F92DF3C8","6"
"78","TRAAWQD12903CAA968","8"
"79","TRAAXIR128F92D1938","6"
"80","TRAAXMX128F9307699","7"
"81","TRAAXUY128F426BA55","6"
"82","TRAAYPN128F9340DDF","1"
"83","TRAAZBD128F427A97D","6"
"84","TRAAZGC12903CB5DFB","1"
"85","TRAAZKV12903CDDFE0","6"
"86","TRAAZQW128F93430DC","6"
"87","TRABAFJ128F42AF24E","6"
"88","TRABBOP128F931B50D","6"
"89","TRABBXU128F92FEF48","1"
"90","TRABCIX128F4265903","1"
"91","TRABCKL128F423A778","1"
"92","TRABDTV128E0791839","10"
"93","TRABEBP12903C9BA03","1"
"94","TRABEKF128F42765FF","6"
"95","TRABEXK12903CCE19B","6"
"96","TRABFKN12903CAF61B","1"
"97","TRABFZX128F4241355","10"
"98","TRABGHG128F934B27E","1"
"99","TRABGLK128F9338730","7"
"100","TRABGMB12903CF50FE","9"
"101","TRABHBA128F424CF80","1"
"102","TRABHVL128F92EFB0E","6"
"103","TRABHWW128F424E9D2","1"
"104","TRABIPA128F1458F79","1"
"105","TRABIZY128F933C696","6"
"106","TRABJIX128C7196953","1"
"107","TRABJWA128F9309C09","8"
"108","TRABKBS128F42823EC","1"
"109","TRABLGI128F42B867A","8"
"110","TRABLLK128F428FFAF","6"
"111","TRABLMN128E0792687","7"
"112","TRABLQE128F92E5E75","6"
"113","TRABLTP128F930DC6D","1"
"114","TRABLYQ128F429A9F8","2"
"115","TRABMZZ128F4249C60","10"
"116","TRABNET128F14560AC","1"
"117","TRABNEX128F92C9DEA","1"
"118","TRABNLE128EF34B85D","2"
"119","TRABOOL128F426E836","8"
"120","TRABOXX128F92F29EB","1"
"121","TRABPAU128F429C1BD","9"
"122","TRABPGO128F931B50C","8"
"123","TRABPHE128F42A1E65","2"
"124","TRABPJW128F147295E","2"
"125","TRABPUI12903CF22CE","9"
"126","TRABQZK128F92F54F4","2"
"127","TRABRMJ128E0780E42","1"
"128","TRABRMZ128F4261DED","2"
"129","TRABRRN12903CF084B","3"
"130","TRABSAR128F42324A8","10"
"131","TRABSEN128F424AA36","6"
"132","TRABTXS128F92E2FDC","6"
"133","TRABUDK128F14943F3","1"
"134","TRABUIN128F93022FF","10"
"135","TRABUUH128F4241346","6"
"136","TRABUVN128F930633C","2"
"137","TRABUZC128E078603F","1"
"138","TRABVWG128F9359323","1"
"139","TRABWPT128F42B06CC","6"
"140","TRABXLH128F935F8E7","1"
"141","TRABXPR128F92F27FE","6"
"142","TRABXVE128F4284AFC","6"
"143","TRABYAR128F931B1A4","6"
"144","TRABYEY128F933773A","1"
"145","TRABYOS12903CC4A81","1"
"146","TRABYVN128F429E5CF","1"
"147","TRABZCL128E0789AED","6"
"148","TRABZRZ128F42628AD","1"
"149","TRACASH128F931C969","6"
"150","TRACBLO128E0784286","1"
"151","TRACBRM128F425C2C3","2"
"152","TRACBWP128C7196948","6"
"153","TRACBWQ128F92F2B91","1"
"154","TRACBWX128F92FD725","10"
"155","TRACCEJ128F93257ED","1"
"156","TRACCJA128F149A144","2"
"157","TRACCSW128F148C7C3","1"
"158","TRACCVZ128F4291A8A","10"
"159","TRACDCZ128F4285AE0","8"
"160","TRACFAP128E07862C1","1"
"161","TRACFOJ128F4253EFA","1"
"162","TRACFOV128F9340D81","6"
"163","TRACFWQ12903CF8148","2"
"164","TRACFXL128F930B28B","2"
"165","TRACFZI128E0795424","1"
"166","TRACHFO12903CB3009","6"
"167","TRACHHH128E0788A35","1"
"168","TRACHKX128F934B07A","6"
"169","TRACICJ128F14ADFB8","1"
"170","TRACISV12903D13877","1"
"171","TRACJPW128F932CA4C","8"
"172","TRACJWY12903CB7DBF","1"
"173","TRACKAP128F425B741","6"
"174","TRACKVZ128F4285793","6"
"175","TRACKWV128F934B6B0","10"
"176","TRACLHC128F9343C39","1"
"177","TRACLRS12903CE9386","6"
"178","TRACLRV128EF33FAB8","1"
"179","TRACMCG128F92CE225","10"
"180","TRACMHD128F931FB14","8"
"181","TRACMMG128F146D705","1"
"182","TRACMXG12903CA2541","1"
"183","TRACNXS128F93395BA","1"
"184","TRACNXU12903C9CDFF","1"
"185","TRACOHQ128F424C5EF","1"
"186","TRACOSS12903CE4724","6"
"187","TRACOTY128F930BCFA","6"
"188","TRACOUL128F425BDE0","1"
"189","TRACPIC128E0792500","6"
"190","TRACRON12903CB59E6","6"
"191","TRACRTS128F9300F7E","1"
"192","TRACRVJ128F14661D6","1"
"193","TRACSBL128F42480E8","1"
"194","TRACSIE128F427F98E","6"
"195","TRACSTF128F4238A87","2"
"196","TRACTHF128F4295A22","8"
"197","TRACTLX128F42A51F6","3"
"198","TRACTUH128F92C93A3","1"
"199","TRACTWW12903CB7550","1"
"200","TRACUCQ128F92FFBF7","1"
"201","TRACUCT128F422BC2F","6"
"202","TRACVBQ128E07855EE","1"
"203","TRACVFF12903CF055A","6"
"204","TRACVSS128E07846A7","6"
"205","TRACWBO128F92F322F","1"
"206","TRACWFA128F4265BDF","1"
"207","TRACWYD128F1465B4A","3"
"208","TRACXGH128F931686C","6"
"209","TRACXYU128F425EEE8","2"
"210","TRACYCJ128F9309246","1"
"211","TRACYDP128F932BC8E","10"
"212","TRACYMH12903CA01DF","1"
"213","TRACYOV128F92CB613","1"
"214","TRACZJA128F429E665","6"
"215","TRADABC128F4274FCC","2"
"216","TRADAFY128F145B77B","9"
"217","TRADAYS12903CDBE0F","1"
"218","TRADAZP12903D0A480","6"
"219","TRADBXG12903CBDEC5","9"
"220","TRADCHC128F42134B5","1"
"221","TRADCIM128F427A3A1","1"
"222","TRADCUZ128F92E6775","2"
"223","TRADDBK128F1483FF8","1"
"224","TRADDCV128F423BAB0","1"
"225","TRADDRF128F145869F","6"
"226","TRADDYJ128F4275431","2"
"227","TRADESF128F4214D8E","1"
"228","TRADFAQ128F428AC13","6"
"229","TRADFID128F4267231","1"
"230","TRADFII128F931FC9F","1"
"231","TRADFJJ128F934857E","2"
"232","TRADFOJ128F425107D","1"
"233","TRADFOQ128F9335409","2"
"234","TRADFQK128F422B492","1"
"235","TRADFXD128F424694C","6"
"236","TRADGLP128F427A172","2"
"237","TRADGWP128F42618E4","2"
"238","TRADGXI128F92EF28F","6"
"239","TRADHGK128F428A000","1"
"240","TRADHLD128F4241363","10"
"241","TRADHLI128F428FEFD","10"
"242","TRADHUZ128F148885D","2"
"243","TRADHXU12903CB4400","1"
"244","TRADJAO128F146D76E","1"
"245","TRADJGI128F148B0F6","6"
"246","TRADJHU128F425459F","8"
"247","TRADJKG12903CE049F","6"
"248","TRADJSM128F14894AA","1"
"249","TRADKAX128E0786B92","1"
"250","TRADKDX128F9320676","6"
"251","TRADKLT128F9304E1D","6"
"252","TRADLBJ128F423A031","1"
"253","TRADLYD128F92FEBFF","1"
"254","TRADMAJ128F92F566E","2"
"255","TRADMFK12903CC2478","6"
"256","TRADNRG128F4295A0E","8"
"257","TRADNRU128F428AC6D","6"
"258","TRADOAJ128F428DA46","1"
"259","TRADODV128F4283EB6","4"
"260","TRADOSF128F9338ADB","2"
"261","TRADOWO12903CD9BA2","3"
"262","TRADOZB128F42312BB","6"
"263","TRADPDI128F92EBD32","8"
"264","TRADPPX128E078B0BC","1"
"265","TRADQBK128F92E8B5F","6"
"266","TRADQJL128F92D9957","6"
"267","TRADRED12903CA4B7C","8"
"268","TRADRHX12903CCD1DF","1"
"269","TRADRJK128E078F041","10"
"270","TRADRNN128F92F7172","1"
"271","TRADROR128F42936A4","1"
"272","TRADSQZ128F42707D7","6"
"273","TRADSVJ12903C9CDFA","6"
"274","TRADTID128F9305BC4","2"
"275","TRADUKH128F4256D1B","6"
"276","TRADUOU12903CF4323","6"
"277","TRADVSU128E0786371","1"
"278","TRADWAU128F145622F","6"
"279","TRADWOB12903C9D1EB","10"
"280","TRADXCF128EF357134","1"
"281","TRADXCO128F426B26D","2"
"282","TRADXMA128F4276D94","1"
"283","TRADXNV128F42B4DFE","1"
"284","TRADYJM128F427E05B","2"
"285","TRADYQK128F42A762A","6"
"286","TRADZQV128F14A5760","7"
"287","TRADZXK128F429DB92","1"
"288","TRADZZP128F428BCE6","6"
"289","TRAEADK128F4270AA6","8"
"290","TRAEARU128E0781A02","1"
"291","TRAEASY128F148247C","2"
"292","TRAEAZV12903D0CBA6","1"
"293","TRAEBXS128F429933A","1"
"294","TRAECBR128F429F8C0","6"
"295","TRAECSU128F426A84A","10"
"296","TRAECWI128F4226133","1"
"297","TRAEDXO128F421B908","8"
"298","TRAEDYD128F425A868","1"
"299","TRAEFDK128F1473B92","1"
"300","TRAEFON128E078C6F8","7"
"301","TRAEFUS12903CC2779","1"
"302","TRAEGAZ128F426240C","2"
"303","TRAEGGV128F92F29B2","1"
"304","TRAEGUL128E078B0C1","8"
"305","TRAEHNA128F423786C","2"
"306","TRAEHOI12903CD02C8","1"
"307","TRAEHTU128F93353E5","2"
"308","TRAEHXW128F146F3C5","1"
"309","TRAEHYF128F148AE0C","1"
"310","TRAEIIO128F92E08FD","6"
"311","TRAEJPC12903CD420E","8"
"312","TRAELHH128F92CF21E","2"
"313","TRAEMDH128F146B548","2"
"314","TRAEMGL128F4266177","2"
"315","TRAEMNZ128F9334662","6"
"316","TRAEMTU128EF363016","6"
"317","TRAEMXB128F429FA26","1"
"318","TRAEMZO12903CC525F","6"
"319","TRAENGX12903CBDFF6","1"
"320","TRAENOH128F933978A","2"
"321","TRAENVO128E0781A16","1"
"322","TRAENYD128F424AA32","10"
"323","TRAEOBA12903CAFAB0","1"
"324","TRAEOGO128F93302B9","6"
"325","TRAEOMS128F4262357","10"
"326","TRAEOOH128F934ACD4","1"
"327","TRAEOUE128F93187B9","1"
"328","TRAEPAC12903CE5DC8","7"
"329","TRAEPAW128F4285BAB","1"
"330","TRAEPGH128F9343CD8","2"
"331","TRAEPGQ128F932AE6D","6"
"332","TRAEPPP128F92F11E8","6"
"333","TRAEPZJ12903CB00C4","10"
"334","TRAEQQE128F42920E3","6"
"335","TRAEQWJ12903CF5475","2"
"336","TRAEQZR128F92E9D73","1"
"337","TRAEROB12903CE3E7D","1"
"338","TRAERPT128F931103E","6"
"339","TRAESDC12903CCEA5E","6"
"340","TRAESJK128E0792227","1"
"341","TRAESQE128F92D0349","1"
"342","TRAESRT12903CC70CE","2"
"343","TRAETAG128F93385AE","2"
"344","TRAETPQ128F92E562A","2"
"345","TRAETTV12903CBBD09","1"
"346","TRAETYC128F933BBF4","2"
"347","TRAEUHN128F92E2C7F","6"
"348","TRAEUIW12903D018F0","6"
"349","TRAEUVH128F422559A","2"
"350","TRAEVHU128F92D9EA0","6"
"351","TRAEVIA12903CC3C37","1"
"352","TRAEVLO128F933DE9E","6"
"353","TRAEVRI128F93608F3","6"
"354","TRAEVRU128F4263351","3"
"355","TRAEVTK128F9337030","1"
"356","TRAEWHH128F428F3AB","6"
"357","TRAEWLF128F42B1F89","6"
"358","TRAEXEA128F933C67D","1"
"359","TRAEXHW128F92E2602","1"
"360","TRAEXTM128E07811E1","1"
"361","TRAEZFJ128F422A5C0","7"
"362","TRAFAAS12903CF0BE2","6"
"363","TRAFABO128F933DE53","9"
"364","TRAFAID128F4243DAF","6"
"365","TRAFAJC128E078888B","8"
"366","TRAFAQY12903CA70F7","10"
"367","TRAFBML128F93163FB","1"
"368","TRAFBVU128F426B3F6","1"
"369","TRAFCVI128C7196BE6","1"
"370","TRAFCWJ128F42515AE","6"
"371","TRAFDFD128F14B07AB","1"
"372","TRAFEEO12903CFEC87","10"
"373","TRAFEPC128F4237505","6"
"374","TRAFGKU128F42889EF","2"
"375","TRAFGMJ128F930F532","6"
"376","TRAFGYR128F930F410","6"
"377","TRAFHJI128F9302CFF","1"
"378","TRAFHKA128F429F7C0","6"
"379","TRAFHWP128F9333343","2"
"380","TRAFIGU12903CC70C2","2"
"381","TRAFIHK12903CBDFF1","8"
"382","TRAFIQB128F423DCBA","1"
"383","TRAFISG128F4263F8A","1"
"384","TRAFJIW128E078E1DE","1"
"385","TRAFJVH128F42BC25E","1"
"386","TRAFKDG12903CAB85C","1"
"387","TRAFKRE128F932002B","1"
"388","TRAFLMU128F4274A4D","1"
"389","TRAFLZY128F148959F","1"
"390","TRAFMHB12903CF4F12","8"
"391","TRAFMIA128F92E2B2B","1"
"392","TRAFMME128F932B4D5","10"
"393","TRAFMPX128F4246C49","10"
"394","TRAFNNT128F92E4E81","8"
"395","TRAFOKY128F4276D91","1"
"396","TRAFOKY128F92ED751","6"
"397","TRAFQFD128F9343706","1"
"398","TRAFQFM128E078EC97","1"
"399","TRAFQVV128F4260033","6"
"400","TRAFRCH12903CEA22D","6"
"401","TRAFRKU128F933CE16","1"
"402","TRAFRVU128F42649A6","1"
"403","TRAFRYJ128F92E638B","1"
"404","TRAFSLJ128F14913B0","1"
"405","TRAFTCT128F425A900","8"
"406","TRAFTFF128F930F77C","1"
"407","TRAFTMA128F933A3D7","2"
"408","TRAFTOE12903CF3F5E","2"
"409","TRAFUWI128F934C730","10"
"410","TRAFVDV128F42936BA","6"
"411","TRAFWEV128F428D391","1"
"412","TRAFWRG128F4295089","6"
"413","TRAFXCP128F93182DD","9"
"414","TRAFXEY128F148AECD","6"
"415","TRAFXZW128F14B0914","1"
"416","TRAFYAV128F42ACA8C","2"
"417","TRAFYGA128F425A92C","1"
"418","TRAFYGO128F42727E7","6"
"419","TRAFYYU128F4229376","1"
"420","TRAFZHK128F145E86B","6"
"421","TRAFZIM128F427D344","7"
"422","TRAFZRL128F428E465","6"
"423","TRAGAAF128F9338911","6"
"424","TRAGAGQ128E0781352","1"
"425","TRAGALM128F4236C86","1"
"426","TRAGANK128F428A5CD","1"
"427","TRAGAVF128F424829B","6"
"428","TRAGBHV128F4295074","6"
"429","TRAGBND128F92FC400","2"
"430","TRAGBOR128F92E1064","10"
"431","TRAGBPI128E0792998","6"
"432","TRAGCSY128F14546B1","6"
"433","TRAGCTZ128F4290974","1"
"434","TRAGDCN128F92F9050","6"
"435","TRAGDEA128F4279040","2"
"436","TRAGDFG128F42934A0","6"
"437","TRAGDLM128F4233397","2"
"438","TRAGDPH128F9344020","1"
"439","TRAGDPS128F145F8EE","1"
"440","TRAGDRH128F93182E1","9"
"441","TRAGDVU12903CDCD8B","1"
"442","TRAGEAS128F4258B9E","6"
"443","TRAGEQI128F429154D","10"
"444","TRAGETA128F4272C38","2"
"445","TRAGEXH12903CB4C10","6"
"446","TRAGFOI128F428E060","6"
"447","TRAGFQG128F42418D5","1"
"448","TRAGFVT128F92ECB5D","1"
"449","TRAGGKN12903CCA8EE","1"
"450","TRAGGMY12903CD9533","1"
"451","TRAGGVS128F4250CE8","10"
"452","TRAGHBP128E0793AF7","1"
"453","TRAGHJX128F426F76F","1"
"454","TRAGIKK128F42424EF","8"
"455","TRAGJPA128F92F9665","8"
"456","TRAGJQL128E078E840","6"
"457","TRAGJYM128F934B753","6"
"458","TRAGKMU128F429757E","1"
"459","TRAGKMU128F9305831","1"
"460","TRAGKTN128F933C68B","7"
"461","TRAGKUI128F92F4698","10"
"462","TRAGKXH128F933D9BB","1"
"463","TRAGLAE12903CFFEED","8"
"464","TRAGLFE128F428566B","2"
"465","TRAGLHT12903CCDB86","2"
"466","TRAGLKL12903CEDE95","6"
"467","TRAGLMS128F425FE0A","3"
"468","TRAGLSU128F145FFB2","1"
"469","TRAGLZM128F931C995","7"
"470","TRAGMXK128F9305A50","2"
"471","TRAGNAX128F9313AE8","6"
"472","TRAGNBQ128F149CB93","1"
"473","TRAGNFZ12903CD04C2","6"
"474","TRAGNGY12903C9CD76","6"
"475","TRAGNUI128F1471068","1"
"476","TRAGOVG128F42A963D","1"
"477","TRAGPAF128EF34542A","6"
"478","TRAGPEA128F422B47E","1"
"479","TRAGPMR128F930C0D8","1"
"480","TRAGPZS128F9332248","1"
"481","TRAGQBY128F42635B7","1"
"482","TRAGQQK128F42561AB","2"
"483","TRAGQVO128F145C0AF","6"
"484","TRAGROY128F92D2C53","6"
"485","TRAGSGF128E0780CA7","6"
"486","TRAGSIX128F92E0933","10"
"487","TRAGSJK128F1491F0A","7"
"488","TRAGSJQ128F149EF8D","8"
"489","TRAGSZA128F146A11A","6"
"490","TRAGTNK128F14732E1","6"
"491","TRAGTUF128F42297F1","6"
"492","TRAGVAO128F4289B5D","1"
"493","TRAGVGB128F423098D","1"
"494","TRAGVRL128F4264526","1"
"495","TRAGWDA128F1473193","6"
"496","TRAGWJK12903CE640F","1"
"497","TRAGWMO12903CFD994","10"
"498","TRAGWTT128F148CF2C","1"
"499","TRAGXNU128F932C7D8","2"
"500","TRAGXUZ128F9311745","6"
"501","TRAGYDZ12903D0957F","6"
"502","TRAGYJM128EF3466D2","6"
"503","TRAGYKT128F92F5D8A","2"
"504","TRAGYXL128F92F9FCB","6"
"505","TRAGZCW128EF34B85B","2"
"506","TRAGZHM12903CAEF3A","2"
"507","TRAGZOK128F14ADF45","1"
"508","TRAHBOC128F9322A62","1"
"509","TRAHBOV128F92EF77A","6"
"510","TRAHBQT128F4213403","1"
"511","TRAHCBD128F9336A3E","1"
"512","TRAHCHN128F4276D58","2"
"513","TRAHCRI128F4255C6E","1"
"514","TRAHCVT128F4282806","8"
"515","TRAHEQC128F42153D6","2"
"516","TRAHFAH12903CA7F20","6"
"517","TRAHFCR128F422A375","2"
"518","TRAHFHR12903CCCAF8","1"
"519","TRAHFOU128F42B3F2A","1"
"520","TRAHFYH128F92CE223","10"
"521","TRAHHMV12903CD0B0D","1"
"522","TRAHHSV128F42374E3","6"
"523","TRAHIJE128F4243356","10"
"524","TRAHIPA128F4279744","6"
"525","TRAHIXN128F147F25D","6"
"526","TRAHJCI128F92FFB38","1"
"527","TRAHJPC128F4268DC7","2"
"528","TRAHKMS128F934B09E","10"
"529","TRAHKRO128F9320EA7","6"
"530","TRAHKUS128F425ABD8","10"
"531","TRAHLDM128F933A3B1","2"
"532","TRAHLIF128F92E9CCF","6"
"533","TRAHLNJ128F4214527","2"
"534","TRAHLVW128F426684F","2"
"535","TRAHMIV128F14693DC","6"
"536","TRAHNPU128F42AEE9C","1"
"537","TRAHOOP128F42B62AB","1"
"538","TRAHORF12903CDA9FB","8"
"539","TRAHPBE128F93071CF","1"
"540","TRAHPHY128F9345BA0","3"
"541","TRAHQYK128F426A82F","1"
"542","TRAHRRS128F4282F7A","8"
"543","TRAHSAW128F4253EFC","8"
"544","TRAHSQL128F4288AC7","1"
"545","TRAHSTL128F931708D","10"
"546","TRAHTZN128F421A41F","1"
"547","TRAHUQT128F4281228","1"
"548","TRAHUZS12903C9D9DD","6"
"549","TRAHVUK128F1456988","1"
"550","TRAHVWT128F148D428","1"
"551","TRAHVZW128F146477A","10"
"552","TRAHWBP12903CAEBFC","8"
"553","TRAHWMN128F145DB77","2"
"554","TRAHWSF128F934B190","1"
"555","TRAHXEG128F428F1EC","1"
"556","TRAHXGG128F9350452","6"
"557","TRAHXJE12903CB8095","1"
"558","TRAHXWI128F428B7DA","6"
"559","TRAHYDH128F9325200","1"
"560","TRAHYMJ128E0787801","1"
"561","TRAHYON12903CC36EF","6"
"562","TRAHZIL12903CF1DC2","1"
"563","TRAHZMM128E07838FF","6"
"564","TRAIACZ128F428C60A","1"
"565","TRAIAIH128F9308AC7","2"
"566","TRAIAJU128F42581EF","8"
"567","TRAIATD128F9331CD6","6"
"568","TRAIBXJ128F4260700","1"
"569","TRAIBXQ128F425E6A5","1"
"570","TRAICIL128F42598E2","6"
"571","TRAICIO12903CBD65B","6"
"572","TRAICJQ12903CF2681","8"
"573","TRAIDIU128F92F11C7","6"
"574","TRAIELD128F92DC682","1"
"575","TRAIFSM128F42722F1","6"
"576","TRAIGSC128F933BBD7","2"
"577","TRAIGYC128F93474E4","2"
"578","TRAIHFF128EF351817","6"
"579","TRAIHZO12903CC4C78","6"
"580","TRAIIOG12903CD02C5","1"
"581","TRAIISE128F42AE299","6"
"582","TRAIJMG12903D08168","1"
"583","TRAIJWN12903CF2C76","6"
"584","TRAIKBB128F428AD73","6"
"585","TRAIKSH128E07816DF","1"
"586","TRAILKS128F14A3AC9","1"
"587","TRAILLW128F4278C90","2"
"588","TRAILNM12903CD17D2","1"
"589","TRAILUH128E0784D6D","1"
"590","TRAIMDW128F14B0B75","3"
"591","TRAINGP12903C956AD","6"
"592","TRAINIF128F426416B","6"
"593","TRAINYU128F4246BD1","10"
"594","TRAIOBB128F146A944","2"
"595","TRAIOWX128F14750E5","1"
"596","TRAIPBF12903D074F5","1"
"597","TRAIPST128F9302AE9","1"
"598","TRAIPZY128E0787299","6"
"599","TRAIQDI128F92E8E1F","6"
"600","TRAIQKO128F92E5970","6"
"601","TRAIQMW128E07854BD","6"
"602","TRAIQNF128F428386A","6"
"603","TRAIQUG128F92F946E","10"
"604","TRAIQVJ128F93235B3","1"
"605","TRAIRLU128F92D0250","1"
"606","TRAISNF128E078B72C","6"
"607","TRAISYO128E07888A6","6"
"608","TRAISYU128F427F486","6"
"609","TRAITDY128F149431C","8"
"610","TRAITHR128F42B7E26","1"
"611","TRAITRS128F9308142","6"
"612","TRAIUPS128F92F2825","10"
"613","TRAIUYZ128F425BD2F","8"
"614","TRAIVMM128F4266056","1"
"615","TRAIVVQ128F146AB17","6"
"616","TRAIWNA128F145E2CD","6"
"617","TRAIWQJ128F4287A6F","8"
"618","TRAIWZZ128F9306AFF","6"
"619","TRAIYAT128F931FEA5","2"
"620","TRAIYDL128E0791583","6"
"621","TRAIZQI128F42A51F9","1"
"622","TRAIZUC12903CBBEAC","9"
"623","TRAIZWI128F4247EFD","1"
"624","TRAJAPH128F4271357","2"
"625","TRAJAZP128F4290FF9","10"
"626","TRAJBGL128F145C7A8","6"
"627","TRAJBJG128F14A1EA1","1"
"628","TRAJBSL128F428A021","1"
"629","TRAJBTZ12903CB818C","1"
"630","TRAJCIR128F146ABA7","3"
"631","TRAJCLY128F930F893","1"
"632","TRAJDGB128F42882AC","1"
"633","TRAJDRG128F4217923","1"
"634","TRAJDTK128F429FFDF","1"
"635","TRAJEBQ128F146E00E","1"
"636","TRAJEZT128E0795DF3","6"
"637","TRAJFDU128F426A5F4","6"
"638","TRAJFFF128F429874A","6"
"639","TRAJFMH12903D052DC","2"
"640","TRAJFQF128F92E354E","1"
"641","TRAJFRJ128F9328FF1","1"
"642","TRAJGGP12903CCE582","1"
"643","TRAJHCO128F42570C1","1"
"644","TRAJHCS128F93192B5","2"
"645","TRAJHDR128F92FA863","8"
"646","TRAJHEE12903CB937A","1"
"647","TRAJHHE128F146815C","1"
"648","TRAJHYF128F1451DDF","6"
"649","TRAJIIR128F149AE01","2"
"650","TRAJIUK128F42668E6","7"
"651","TRAJJPB128F1456D6A","1"
"652","TRAJKMI128F4281107","8"
"653","TRAJLEC128F93385A1","2"
"654","TRAJLNF128F422658C","7"
"655","TRAJLOY128F92E4EAF","6"
"656","TRAJMEL128F4262B4A","1"
"657","TRAJMQE128F9322DDD","2"
"658","TRAJMZL12903CA4807","1"
"659","TRAJNFM128F42A625C","2"
"660","TRAJNWY128E078907F","6"
"661","TRAJOIH128F14B08F7","1"
"662","TRAJPIK128F1460C83","1"
"663","TRAJPIQ128F14819A8","6"
"664","TRAJPPJ128F1497140","1"
"665","TRAJPPX128F4259FD4","6"
"666","TRAJRBF12903CDCA3F","10"
"667","TRAJRTY128F426CF1F","3"
"668","TRAJSFB128F4270AED","1"
"669","TRAJSNU128F92F2AC0","6"
"670","TRAJSOQ128F92C6A6B","2"
"671","TRAJSQA128F4263330","2"
"672","TRAJSRH128F425DDC7","6"
"673","TRAJTDG128E0792698","1"
"674","TRAJTYX128F145AD24","8"
"675","TRAJUPF128F4231A2C","1"
"676","TRAJUPI128F9324529","1"
"677","TRAJXBS12903CDCE2C","10"
"678","TRAJXNB128F4261F43","6"
"679","TRAJXOF128F933407C","2"
"680","TRAJZCH128F933D2B7","6"
"681","TRAJZVL128F9342662","3"
"682","TRAJZYI128F424B412","1"
"683","TRAKAFU12903CB4234","6"
"684","TRAKAGL128F148B3B7","1"
"685","TRAKARY128F427253E","6"
"686","TRAKBON128F9311039","1"
"687","TRAKCAE128F92DACD8","2"
"688","TRAKCFG128F149D9B7","1"
"689","TRAKCNI128F427BA71","2"
"690","TRAKDCQ128F42A247A","1"
"691","TRAKDDB128F92D168A","6"
"692","TRAKDMK128F92F9AFC","1"
"693","TRAKEBX128F423A5FA","1"
"694","TRAKFSV128F4257C10","9"
"695","TRAKFYU128F4283EB5","1"
"696","TRAKGAX128F4264182","2"
"697","TRAKGDZ12903CE4867","6"
"698","TRAKGGU128F428D83C","6"
"699","TRAKHUW12903CF0048","10"
"700","TRAKHXX128E07877EB","1"
"701","TRAKHYP128E0792F07","1"
"702","TRAKIJI128F42494D1","3"
"703","TRAKJTB128F148C560","1"
"704","TRAKJYQ128F934B22E","6"
"705","TRAKKOH128F42AF40E","2"
"706","TRAKLEZ128F4270649","1"
"707","TRAKLHO128F42BA554","1"
"708","TRAKLML128E07999DA","6"
"709","TRAKMGY128F4269E37","1"
"710","TRAKMLM128F14932B0","1"
"711","TRAKMUO128F4215890","2"
"712","TRAKOAK128F4248629","1"
"713","TRAKOEB128F1478783","1"
"714","TRAKOPE128F421CE6A","6"
"715","TRAKORW128F1484DF0","1"
"716","TRAKOXF128F1477B81","1"
"717","TRAKPET128F92FD69F","1"
"718","TRAKPJC128F4258613","1"
"719","TRAKPSJ128F146BFC2","2"
"720","TRAKPSR128F146A1DC","1"
"721","TRAKPUY128F4271101","8"
"722","TRAKQEA128F1495E21","1"
"723","TRAKQFZ128F429D3C9","6"
"724","TRAKQXJ128F147A028","6"
"725","TRAKREH128F42750C6","6"
"726","TRAKRQK12903CB3006","6"
"727","TRAKRQW128F427D6E3","1"
"728","TRAKRXM128F4250E33","1"
"729","TRAKRXN128F42670BE","1"
"730","TRAKSPS128F933B3D9","2"
"731","TRAKTFQ128F145698C","1"
"732","TRAKTWZ128EF35E206","7"
"733","TRAKTZY128F148C55C","1"
"734","TRAKUJS128F14668E5","1"
"735","TRAKUKL128F4295046","2"
"736","TRAKVNJ128F932AF0F","6"
"737","TRAKVSG128EF34E609","2"
"738","TRAKWNL12903CC37B6","6"
"739","TRAKWTG128F42454E2","1"
"740","TRAKWXS128F930F798","6"
"741","TRAKWXV128F42889FB","6"
"742","TRAKWZL128F93346EE","9"
"743","TRAKXIR128F92CF85A","1"
"744","TRAKXLR128F9308F5A","6"
"745","TRAKXMS12903CB36F2","6"
"746","TRAKXPA12903CA8B1A","6"
"747","TRAKXPE128F1462FF2","1"
"748","TRAKXYJ128F42525ED","1"
"749","TRAKYON128F429470C","2"
"750","TRAKYWY128F9310CF4","6"
"751","TRAKYXS128F4248FE3","6"
"752","TRAKZHN128F426C3D2","1"
"753","TRAKZMB128F427B44F","1"
"754","TRALAHF128F4248198","6"
"755","TRALAKV12903CBD7F6","6"
"756","TRALAZG128F93170BF","2"
"757","TRALBFX12903D00703","6"
"758","TRALBIA128F4272082","6"
"759","TRALCCO12903CEBB97","1"
"760","TRALDDK128F9300AC5","8"
"761","TRALDEZ128F4265BF7","9"
"762","TRALDSB12903CB4242","10"
"763","TRALDUE128F9312AF2","6"
"764","TRALDWN128EF33FB6E","7"
"765","TRALECB128F42A35E8","6"
"766","TRALEER128F4268E6D","1"
"767","TRALENK128F92F39E9","1"
"768","TRALEPN128F9311179","1"
"769","TRALFBU12903CC030F","6"
"770","TRALFLE128F92E166E","1"
"771","TRALGCD128F42A6346","1"
"772","TRALGJT12903CC460F","1"
"773","TRALHIQ12903D00496","6"
"774","TRALHMS128F930C08C","10"
"775","TRALIHU12903CFF040","1"
"776","TRALIIP128F4246C80","10"
"777","TRALIQF128F930B7B0","9"
"778","TRALJAZ128F933DE4A","1"
"779","TRALJBT128F4266FD8","7"
"780","TRALJKN128F92C5F5E","6"
"781","TRALJVQ128F428C764","6"
"782","TRALKBS128F423BB4C","1"
"783","TRALKHJ128F92E9D36","6"
"784","TRALLAR128F933C692","6"
"785","TRALLKK128F427B064","10"
"786","TRALLOU12903CC36FE","2"
"787","TRALLQJ128F933C68A","6"
"788","TRALLQX12903CD838C","6"
"789","TRALLRJ128F428CB6F","10"
"790","TRALLSP128F148AD75","1"
"791","TRALMTD128E07862AC","4"
"792","TRALMYT12903D0954C","6"
"793","TRALNJR128F145AC96","1"
"794","TRALNOD128F4264AEB","1"
"795","TRALOBE12903CDA6C5","6"
"796","TRALOUF128F422F329","6"
"797","TRALPGW12903CAFFB5","6"
"798","TRALPKG12903CDCA8A","10"
"799","TRALPOE128F4272278","2"
"800","TRALPQV128F424F989","9"
"801","TRALQGZ128F146F500","6"
"802","TRALRKL128F427B6EB","1"
"803","TRALROP128F92CA9CC","8"
"804","TRALRPL12903CA71F2","3"
"805","TRALRTY128F428BE43","6"
"806","TRALSAJ128F92EDC84","2"
"807","TRALSOA128F4275F49","2"
"808","TRALTKQ128F932DA67","1"
"809","TRALTTR12903C9E32E","6"
"810","TRALTZZ12903CB7DD0","1"
"811","TRALUAQ128F427EB26","4"
"812","TRALULA128F932B9D0","10"
"813","TRALUTY128F9322DC0","2"
"814","TRALWDN128F1456DB7","1"
"815","TRALWLU128F428C39A","1"
"816","TRALYBV12903CBBB68","1"
"817","TRALYLQ128F42710D6","1"
"818","TRALYPO128F429C4AF","1"
"819","TRALYQN128F42624E1","6"
"820","TRALYZR128F92CDD86","2"
"821","TRALZIG12903CBCD0C","1"
"822","TRALZTM128F92EC5F0","6"
"823","TRALZXZ128F92E26EF","6"
"824","TRAMARM128E0796A50","6"
"825","TRAMBBV128F9337714","6"
"826","TRAMBFD128EF34B848","1"
"827","TRAMBHU128F425A620","1"
"828","TRAMBLO128F4287D24","1"
"829","TRAMBNF128F426FBB6","6"
"830","TRAMBPW128F9337F71","2"
"831","TRAMBTK128F42390A4","6"
"832","TRAMCGL128F92F3D87","1"
"833","TRAMCGR128F427DE28","2"
"834","TRAMCLN128F9302E27","6"
"835","TRAMCND128F1466ACF","1"
"836","TRAMDQZ128F4249913","6"
"837","TRAMDUJ12903D0728D","6"
"838","TRAMDUW12903CB5100","6"
"839","TRAMEBP12903CD7EEA","8"
"840","TRAMEDG128E07933F4","6"
"841","TRAMEEC128F9307A54","2"
"842","TRAMESI128F93509F7","6"
"843","TRAMFFW128F4263AD7","6"
"844","TRAMFHI12903CB4349","10"
"845","TRAMFRD128E07833DA","1"
"846","TRAMGAZ128F148D4C3","1"
"847","TRAMGJJ128F421487E","6"
"848","TRAMGPM128F9311196","1"
"849","TRAMGQR128E0786CA7","9"
"850","TRAMGZV128F426FAB3","8"
"851","TRAMHKC128F933DE7D","6"
"852","TRAMHMO128F93167EA","2"
"853","TRAMIGP128F9335408","2"
"854","TRAMIOX12903CB19A1","2"
"855","TRAMIUD128E07825DB","1"
"856","TRAMJUG128F429F8B2","1"
"857","TRAMKKJ128F1463612","3"
"858","TRAMLFL128F93062A0","1"
"859","TRAMLGE128F92F81DD","1"
"860","TRAMLQC128F429222A","2"
"861","TRAMLZC128F92F3EB9","6"
"862","TRAMMAF128F93051B0","7"
"863","TRAMMDM128F425EAA9","1"
"864","TRAMMFP12903CB59C2","1"
"865","TRAMMQW128F42621E1","6"
"866","TRAMNDH128F425C33D","2"
"867","TRAMNJB128F92EFDC7","9"
"868","TRAMNVF128F92DE562","2"
"869","TRAMODP128F426247B","1"
"870","TRAMOGA12903CB4421","1"
"871","TRAMOLS128F92F99E3","6"
"872","TRAMOPU128E07888FD","10"
"873","TRAMPCW128F92CC022","1"
"874","TRAMPWN128F934C221","10"
"875","TRAMRFE128F4267DF3","1"
"876","TRAMRQS12903D0FD39","6"
"877","TRAMSAY128F92ED0DD","6"
"878","TRAMSSA128F92F60D1","1"
"879","TRAMSSK128F92FDC80","6"
"880","TRAMTFQ128F9352EDB","9"
"881","TRAMTIH128F933E8E4","6"
"882","TRAMTKT128F4222C3A","10"
"883","TRAMTYX128F42985D0","8"
"884","TRAMUUZ128F933CA08","1"
"885","TRAMUYQ128F428CA58","8"
"886","TRAMVBZ12903CB2635","8"
"887","TRAMVMU128F4241923","1"
"888","TRAMVOM128F42ACB16","6"
"889","TRAMWJH128F145DBE9","1"
"890","TRAMWLL12903D119DA","10"
"891","TRAMWOH12903CA8BA0","2"
"892","TRAMXPQ128F148B0C2","1"
"893","TRANADU128F9345BC8","6"
"894","TRANAIE128F146E588","6"
"895","TRANALJ128F9318BAF","7"
"896","TRANAYD128F9322A70","1"
"897","TRANBMY128F426416A","1"
"898","TRANCCN128E0794B18","10"
"899","TRANCFS12903C9B61B","1"
"900","TRANCOH128F422F31D","6"
"901","TRANCOS128F4267DFB","6"
"902","TRANCSE128F93044F1","2"
"903","TRANDEK128F4259EBC","6"
"904","TRANEMQ128F42A10A8","10"
"905","TRANEQB128F4284978","6"
"906","TRANGCR128F148CF28","6"
"907","TRANGIY128F427FA51","6"
"908","TRANGQX128F422F1DE","6"
"909","TRANHJV128F92D819D","3"
"910","TRANIBF12903CFA420","2"
"911","TRANIHL128F42970BD","6"
"912","TRANIJQ128F4298A10","1"
"913","TRANIPA128F93151A2","1"
"914","TRANIUD12903CCE692","6"
"915","TRANIUS12903D00EC7","6"
"916","TRANIVG128F1484DED","6"
"917","TRANIWL128F4262AB0","1"
"918","TRANIWM128F1495AB7","2"
"919","TRANJMO128F425C44D","2"
"920","TRANJSV128E0799689","3"
"921","TRANJWP128F428560C","2"
"922","TRANKIL128F1476FA2","8"
"923","TRANKYM128F428B7A4","2"
"924","TRANLHL12903CF88E5","1"
"925","TRANLJA128F42A5379","6"
"926","TRANLRX128F4259030","1"
"927","TRANLSP128F14671CA","1"
"928","TRANMKA128F426C3B0","1"
"929","TRANMKF128E07995A8","1"
"930","TRANMOT128F92EFF19","1"
"931","TRANMWO128F426C41A","1"
"932","TRANNCZ128F92F1D22","1"
"933","TRANOHA128F428B1CB","1"
"934","TRANOPO128F4217958","1"
"935","TRANOXA12903CDB0ED","8"
"936","TRANPDG128F930F4FE","6"
"937","TRANPHV128F9344CC3","1"
"938","TRANPKC128F93486B9","1"
"939","TRANPLE128F9322D6F","2"
"940","TRANPUZ128F422B236","1"
"941","TRANPWV128F9341281","10"
"942","TRANPXL128F42B8FED","6"
"943","TRANQEQ128F428AD70","6"
"944","TRANQNS128F42739D1","6"
"945","TRANQQZ128E079224E","6"
"946","TRANQRQ12903CC4BBB","1"
"947","TRANREH128F93462CF","1"
"948","TRANRFB128F1481F1E","1"
"949","TRANRGP128F1465737","1"
"950","TRANRIK128F148C860","6"
"951","TRANRKN128F93127BB","1"
"952","TRANRWM128F42873F9","8"
"953","TRANSUM128F92E8DF3","6"
"954","TRANSYV128F428A00C","1"
"955","TRANTAD128F92FD042","1"
"956","TRANTAN128E078B326","1"
"957","TRANTFR128F931C7DA","6"
"958","TRANTJK128F92E5935","1"
"959","TRANTOT128F428ACD8","6"
"960","TRANULO128F422E6FE","8"
"961","TRANUME128E0789D4C","1"
"962","TRANUSB128F9343695","2"
"963","TRANUUK128E0788284","2"
"964","TRANUVH12903D1059F","2"
"965","TRANVKJ128F92F1561","1"
"966","TRANVMD128F933AC4A","6"
"967","TRANVML128F426ACB2","6"
"968","TRANVTB128F92E2C34","2"
"969","TRANVZT128F42AE134","6"
"970","TRANWBG128F934AC15","10"
"971","TRANWEM128F92D75C4","1"
"972","TRANWOF12903CB3E19","6"
"973","TRANWZE128E078EE09","1"
"974","TRANXKN128F1485A3F","1"
"975","TRANYAM12903CD9CFC","8"
"976","TRANYLM128F1477EC9","1"
"977","TRANYLR128F4271924","3"
"978","TRANYLR128F933D81F","1"
"979","TRANZIL128F42A2670","6"
"980","TRANZRO128F4278401","1"
"981","TRANZTY128F424D794","1"
"982","TRAOAPT128F426041F","2"
"983","TRAOATJ128F147FC9B","6"
"984","TRAOAVW128F9318B5A","1"
"985","TRAOBKM128F92F894E","6"
"986","TRAOBQP12903CC4A7B","6"
"987","TRAOCOE128F4276D18","1"
"988","TRAOCPF128F4297319","1"
"989","TRAOCSE128F4282321","1"
"990","TRAOCSX128F92FDD48","9"
"991","TRAODEJ12903CC4C53","6"
"992","TRAOEAQ12903CC26BD","6"
"993","TRAOEQO128E0785439","3"
"994","TRAOETQ128F92F9C27","6"
"995","TRAOFJS12903CF3F3D","2"
"996","TRAOHJU128E0780CD2","1"
"997","TRAOHNR128F428CD58","1"
"998","TRAOIYM12903CDEF1E","1"
"999","TRAOJED128F42361E6","2"
"1000","TRAOJEW128F4294CBD","6"
"1001","TRAOJMY128E07836D9","6"
"1002","TRAOJNB128F147C52F","1"
"1003","TRAOJZC128F14932D5","6"
"1004","TRAOKSC128F4264989","1"
"1005","TRAOKVW128F429D82A","6"
"1006","TRAOKXG128F4232497","8"
"1007","TRAOLGV12903CB4229","10"
"1008","TRAOLOX128F422F02B","1"
"1009","TRAOLUA128F422BB1D","1"
"1010","TRAOMDT12903CF73C3","6"
"1011","TRAOMKV128F428CD51","1"
"1012","TRAOMMU128F933878B","1"
"1013","TRAOMVL128F14662F1","2"
"1014","TRAONNA128F4268CCA","1"
"1015","TRAONPF128F42480A7","1"
"1016","TRAONYI128F9324BA3","2"
"1017","TRAOOHM128F1453E33","1"
"1018","TRAOORD12903CCD128","6"
"1019","TRAOREE128F934DB89","1"
"1020","TRAORSC128F4235056","6"
"1021","TRAOSDM128F93085C0","10"
"1022","TRAOSFC128F42618F6","1"
"1023","TRAOUOI128F4290E44","1"
"1024","TRAOVDM128F42BAA66","2"
"1025","TRAOWBP128F4257C64","6"
"1026","TRAOWXO128E0783F68","6"
"1027","TRAOXCO128F147830B","6"
"1028","TRAOXEU128F4299BE5","7"
"1029","TRAOXSN128F4282FB5","2"
"1030","TRAOXWF128E0790985","6"
"1031","TRAOXXW128F92E8C86","1"
"1032","TRAOYHS128F427EF8B","6"
"1033","TRAOZEJ128F428CCEA","1"
"1034","TRAOZPS128F93369C3","1"
"1035","TRAPAES128E0786E60","9"
"1036","TRAPASL128F422BC00","6"
"1037","TRAPAZE128F4233355","1"
"1038","TRAPCHT128F4239830","6"
"1039","TRAPCIQ128F4241A74","8"
"1040","TRAPCNK128F427D7B5","10"
"1041","TRAPDIH128F426DE71","2"
"1042","TRAPDIO128F933C680","1"
"1043","TRAPDOI128F9327982","1"
"1044","TRAPDQG128F93018C0","10"
"1045","TRAPEBL128F149E768","6"
"1046","TRAPEHR128E0786D5A","6"
"1047","TRAPEIN128E078892E","8"
"1048","TRAPEPB128E07861CC","1"
"1049","TRAPEPI128F4226DDD","2"
"1050","TRAPESV128F92FE5E9","1"
"1051","TRAPFGD128F4274B46","2"
"1052","TRAPFIP128F42AC31E","6"
"1053","TRAPFRM128F933A19B","2"
"1054","TRAPFXX128E0785EBA","6"
"1055","TRAPGCJ128F428CCD9","10"
"1056","TRAPGFN12903CB5BAC","6"
"1057","TRAPGKY128F42972A9","8"
"1058","TRAPGOC128F932F01A","7"
"1059","TRAPGOZ128F933A945","1"
"1060","TRAPGYN128F92C40CC","6"
"1061","TRAPHAH128F42677A4","6"
"1062","TRAPHDI128F92F5EA1","2"
"1063","TRAPHZT128F147A02B","6"
"1064","TRAPIIR128F42AEE95","1"
"1065","TRAPIJO128EF3681CA","6"
"1066","TRAPIPG128F42521C6","2"
"1067","TRAPISC128F14671D3","1"
"1068","TRAPJFL128F42AA7B4","6"
"1069","TRAPJLL128F92EC0E1","9"
"1070","TRAPJPD128F14572B3","1"
"1071","TRAPKBI128F92F9D33","1"
"1072","TRAPKSE128F42AB9FB","6"
"1073","TRAPLET128F145B049","6"
"1074","TRAPLMD128F932FF43","10"
"1075","TRAPMRB128E078E21E","1"
"1076","TRAPMRV128F92F5F4C","1"
"1077","TRAPMTM128F425B4E5","1"
"1078","TRAPMTY128F1459DA1","1"
"1079","TRAPMYO128F14903F5","6"
"1080","TRAPNII12903CEA4F8","1"
"1081","TRAPNOO128F423660C","6"
"1082","TRAPNQZ128F145B04E","1"
"1083","TRAPNYN128F4277985","6"
"1084","TRAPOEA12903CDBB5F","1"
"1085","TRAPOYU128F42644C3","1"
"1086","TRAPPUJ128F931B3D1","9"
"1087","TRAPPUN128F429400B","6"
"1088","TRAPQBU128F934C32D","8"
"1089","TRAPQLQ128F92DA284","2"
"1090","TRAPQNA128F93000EB","6"
"1091","TRAPQQI128F1460D64","1"
"1092","TRAPQYF128F14B1051","1"
"1093","TRAPQZO12903CFA319","6"
"1094","TRAPREX128F145DAD0","1"
"1095","TRAPRQZ128F427E188","1"
"1096","TRAPSHW128F14560A6","1"
"1097","TRAPSJN128F422AF18","10"
"1098","TRAPSMF12903CD05E7","1"
"1099","TRAPSZU128E0785BD2","1"
"1100","TRAPTHJ128F92C70D6","1"
"1101","TRAPTRH128F4271659","6"
"1102","TRAPUFL128F425A8F9","6"
"1103","TRAPVBP128F9308A86","2"
"1104","TRAPVDC128F422C711","10"
"1105","TRAPVFO128F9347D5B","2"
"1106","TRAPVGB128F42725AF","1"
"1107","TRAPVRU128F9302300","6"
"1108","TRAPVXU128F149E7CD","8"
"1109","TRAPVYD12903CE0269","10"
"1110","TRAPYCR128F4289604","6"
"1111","TRAPYML128F423DF98","10"
"1112","TRAPYVH128F428CFD7","1"
"1113","TRAPZJQ128F428A022","10"
"1114","TRAPZLI128F92DB0CD","9"
"1115","TRAPZQI128F428CF18","1"
"1116","TRAPZYB128F9309217","2"
"1117","TRAPZZJ12903CC5190","1"
"1118","TRAQACB128F4263F7B","1"
"1119","TRAQAIW12903C9B61E","1"
"1120","TRAQAMG128F934AED9","1"
"1121","TRAQBRP128F92DFCEF","1"
"1122","TRAQBVO128F425D1F9","2"
"1123","TRAQCFH128F92FE30F","2"
"1124","TRAQCXM128F4230BAD","1"
"1125","TRAQDBO128F92ED2AC","9"
"1126","TRAQDSN128F42934A2","6"
"1127","TRAQDYJ128F14989F8","6"
"1128","TRAQDZZ128F42AF66A","1"
"1129","TRAQEKD128F425293D","1"
"1130","TRAQEOG128F9353981","1"
"1131","TRAQEOP12903CA65E2","2"
"1132","TRAQEUQ128F425282E","8"
"1133","TRAQEVV128EF34E413","6"
"1134","TRAQGLM128EF356DEA","1"
"1135","TRAQGMY128F425A2F5","1"
"1136","TRAQGNV128C7196894","6"
"1137","TRAQHCG128E07951DA","1"
"1138","TRAQHHV128F92E0787","10"
"1139","TRAQHWF128F146FF11","1"
"1140","TRAQIQP128E079505F","1"
"1141","TRAQITZ128F4265E0E","1"
"1142","TRAQJFK128F428508A","6"
"1143","TRAQJMP128F92E3821","6"
"1144","TRAQJOE128F92F1D58","6"
"1145","TRAQKPR128F427DDF8","2"
"1146","TRAQKVC128F425E65C","1"
"1147","TRAQLIE128F931C3F3","3"
"1148","TRAQLOD128F145EC9D","2"
"1149","TRAQMNB12903CDD58F","6"
"1150","TRAQMWP12903CAC06F","6"
"1151","TRAQNEC128F14ADF01","1"
"1152","TRAQNMM12903D00407","1"
"1153","TRAQOXO128F42636BD","1"
"1154","TRAQPFR12903CC26CF","6"
"1155","TRAQPHD128F4226E5E","1"
"1156","TRAQPKX128F428146D","6"
"1157","TRAQQHJ128F9345DC3","1"
"1158","TRAQQOG128F934B0A1","1"
"1159","TRAQQUC128F9314732","10"
"1160","TRAQQVR128F4255A3A","8"
"1161","TRAQRFD128F9322DE6","2"
"1162","TRAQRFN128F93071EA","6"
"1163","TRAQRRD128F425F8E7","2"
"1164","TRAQSEG128F9327EB9","6"
"1165","TRAQSPU128F422146B","6"
"1166","TRAQSWI128F9343039","1"
"1167","TRAQTBF12903CCC1B7","1"
"1168","TRAQTKV128F427BFA5","1"
"1169","TRAQTOS128F428E94B","6"
"1170","TRAQTRL128F428C2AF","8"
"1171","TRAQTYT12903D134AC","6"
"1172","TRAQUWF128E07924E4","1"
"1173","TRAQVDI128F42969C8","8"
"1174","TRAQVJM128F9310F20","1"
"1175","TRAQVOG128F9340E58","6"
"1176","TRAQVUG128F4286DE3","6"
"1177","TRAQXJY12903CF3A0E","6"
"1178","TRAQXKZ128F429D175","1"
"1179","TRAQYFL12903D138CF","2"
"1180","TRAQYOC128F9341CDC","1"
"1181","TRAQYUA128F428742F","1"
"1182","TRAQYXL128F425EA21","1"
"1183","TRAQYZI128F4273CF3","6"
"1184","TRAQYZO128F930BC98","1"
"1185","TRAQZPC12903CDE0D5","6"
"1186","TRAQZWH128F934B093","7"
"1187","TRARANL128F1478789","6"
"1188","TRARAZI128F427F3B4","2"
"1189","TRARBBK128F427ED68","2"
"1190","TRARBFC128EF3500F8","7"
"1191","TRARBGM12903CC5026","6"
"1192","TRARBJW128E0788A1A","6"
"1193","TRARBVD128F4239284","1"
"1194","TRARBYC128F92CEF3C","2"
"1195","TRARCNN12903CD5262","1"
"1196","TRARCNT12903CC4767","8"
"1197","TRARDJY128F14750EA","1"
"1198","TRARDUI12903CBF6B6","9"
"1199","TRAREDZ12903CFB6E3","1"
"1200","TRAREGG128F425A5D8","6"
"1201","TRARFAZ128F93481AD","2"
"1202","TRARFKP12903CF5DF1","10"
"1203","TRARFQL128F931E523","7"
"1204","TRARFQY12903CA07B6","1"
"1205","TRARFXI128F1468CE3","1"
"1206","TRARHCB128F148D1B0","10"
"1207","TRARHFF128F933D378","1"
"1208","TRARIIY128F147187D","7"
"1209","TRARIMP128F933D217","8"
"1210","TRARINE128F4280B9C","6"
"1211","TRARIRG128F147FC96","6"
"1212","TRARIZK128F92FF27A","1"
"1213","TRARJEK128F930B3AA","1"
"1214","TRARJPL128F931C7D2","1"
"1215","TRARKEH128F1463CB2","6"
"1216","TRARKGW128F92EB8F9","6"
"1217","TRARKRC128E0791D82","6"
"1218","TRARLGD128F93119C1","1"
"1219","TRARLTG12903CF06FD","9"
"1220","TRARMHA128F92E7D32","1"
"1221","TRARMLZ128F9330684","1"
"1222","TRARMUI128F147162F","1"
"1223","TRARMUZ128F14AA0EA","1"
"1224","TRARMWA128F424147D","2"
"1225","TRARMYQ128F149F18A","6"
"1226","TRARNZA128F424EC6A","1"
"1227","TRARODV128F1460DBC","6"
"1228","TRAROPS128F92F09A5","6"
"1229","TRAROQC128F4273979","2"
"1230","TRARPCK128F92FEA7F","1"
"1231","TRARPGY128F425D48D","1"
"1232","TRARPTJ12903CE2898","1"
"1233","TRARPZT128F932AD66","1"
"1234","TRARQSD128F427E2AA","8"
"1235","TRARQWJ128F92E9CCA","1"
"1236","TRARRJL128F92DED0E","2"
"1237","TRARRQO128F427B5F5","6"
"1238","TRARRWA128F42A0195","1"
"1239","TRARRZU128F4253CA2","2"
"1240","TRARSAM128F4256E04","10"
"1241","TRARSAW12903C9EDEB","1"
"1242","TRARSKA128F9336A04","7"
"1243","TRARSZV12903CDB2DE","7"
"1244","TRARTBH128F93087A4","1"
"1245","TRARTJL128F92CB44B","1"
"1246","TRARTSA128F4291550","7"
"1247","TRARUOP12903CF2384","6"
"1248","TRARURM128F931A91B","6"
"1249","TRARUTP128E0797FC7","6"
"1250","TRARVZG128F1497359","1"
"1251","TRARWLR128F4256B07","1"
"1252","TRARXIT128F423DC97","1"
"1253","TRARXMV128F92F59C8","9"
"1254","TRARXVP12903CF39FE","1"
"1255","TRARYCL128F1456224","6"
"1256","TRASAEN128F4266178","2"
"1257","TRASAIH128F931F567","6"
"1258","TRASAQI128F426EEA3","1"
"1259","TRASARO128F145E40F","6"
"1260","TRASBZK128F42692CA","6"
"1261","TRASCAU128E078FB37","1"
"1262","TRASCMB128F422B871","7"
"1263","TRASCWR12903CCC575","1"
"1264","TRASDGG128F933EDE2","10"
"1265","TRASDRJ128F428B1A7","8"
"1266","TRASDYA128F425E84F","1"
"1267","TRASGGA128F92E8BF8","6"
"1268","TRASGKM128F42644C5","1"
"1269","TRASGLA128F147F4F6","1"
"1270","TRASGLV128F42390CA","10"
"1271","TRASGMH128F14B04A3","6"
"1272","TRASGOE128F42328B4","2"
"1273","TRASHSN12903CA9E34","6"
"1274","TRASIKP128F423EED7","2"
"1275","TRASIKR128F9308AD7","2"
"1276","TRASIVA128F933DB52","6"
"1277","TRASIWA12903CFFC4D","1"
"1278","TRASJIY128F149998B","1"
"1279","TRASJRH12903CF2689","10"
"1280","TRASKII128F92FA33E","6"
"1281","TRASKUE128F1478ECF","3"
"1282","TRASLHI128EF343C84","1"
"1283","TRASLVK128F935046C","2"
"1284","TRASLVU128F933B160","1"
"1285","TRASMER128F4272C1D","2"
"1286","TRASMWP128F92CE9CE","1"
"1287","TRASNDM128F92E17E7","1"
"1288","TRASODE128F930F19A","1"
"1289","TRASOQC12903CFFED7","1"
"1290","TRASPAS128E078DFB3","7"
"1291","TRASPZQ128F933BBDA","2"
"1292","TRASQCW12903CA07D9","1"
"1293","TRASQIB128F426693D","6"
"1294","TRASRBB128F42AFD5C","6"
"1295","TRASSXN128F4261DF1","2"
"1296","TRASSZI128F146EC5F","6"
"1297","TRASSZL128F428FA5D","2"
"1298","TRASTBU12903CC3EA8","2"
"1299","TRASTOM12903CBE8A6","1"
"1300","TRASTZY128F145B055","6"
"1301","TRASUJK128E0789C12","1"
"1302","TRASVNS128E07855BF","8"
"1303","TRASVXI12903CF98CD","8"
"1304","TRASWIV128E0788A84","10"
"1305","TRASWKJ128E0792FE7","1"
"1306","TRASWSO12903CBE857","6"
"1307","TRASWVM12903CA5601","1"
"1308","TRASXHB128F933D3BD","1"
"1309","TRASXSI128F9345EA2","6"
"1310","TRASXYB128F428DFF3","1"
"1311","TRASXZE128F427F156","6"
"1312","TRASYIH12903D08529","6"
"1313","TRASYQQ128F425092B","1"
"1314","TRASYSY128F92F39F5","1"
"1315","TRASYVP12903D09590","6"
"1316","TRASYWM128F14804A5","1"
"1317","TRASZQB12903CAAE1B","6"
"1318","TRASZSF128F428B8F3","6"
"1319","TRATAIB128F92E81CB","8"
"1320","TRATBGP128F1482545","1"
"1321","TRATBNG128F92CADA8","2"
"1322","TRATBVA128F9312ACC","6"
"1323","TRATBWX128F427D343","1"
"1324","TRATCAZ128F4284985","8"
"1325","TRATCDG128F932B4D2","10"
"1326","TRATCLI128F422BCF8","6"
"1327","TRATCOE128F145F694","2"
"1328","TRATCUY128F9308A38","1"
"1329","TRATDDF128F4294E6A","9"
"1330","TRATDDM128F93417AF","2"
"1331","TRATDIZ128F4242796","2"
"1332","TRATDLH128F93384B0","6"
"1333","TRATESL128F92F12DF","6"
"1334","TRATFEN128F14A3A6E","1"
"1335","TRATGQO128F421B850","6"
"1336","TRATGTP128F427021D","7"
"1337","TRATHFM128F148ADD4","8"
"1338","TRATHTH128F42BC347","1"
"1339","TRATHVA128F9322A79","8"
"1340","TRATIRE128F42A667F","6"
"1341","TRATIUD128F930620F","6"
"1342","TRATJSR128F4266791","1"
"1343","TRATJXC128F93124CE","8"
"1344","TRATKAA128F426E8A0","6"
"1345","TRATKXV128F92D0480","1"
"1346","TRATLOJ128F9308ABB","2"
"1347","TRATMAL128F427EC8D","2"
"1348","TRATMDD12903D11C7A","6"
"1349","TRATMFC12903CC8D96","6"
"1350","TRATNHC12903CFA949","1"
"1351","TRATNKU128F92F60C1","1"
"1352","TRATNMX128F427C2FC","1"
"1353","TRATOHC128EF3460DA","6"
"1354","TRATQDK128F1489B3E","6"
"1355","TRATQSL128F932E2ED","6"
"1356","TRATQUI128F9347C68","1"
"1357","TRATRMZ128F42A9AAC","6"
"1358","TRATTAF128F147CA09","2"
"1359","TRATTNI128E0799697","6"
"1360","TRATUPO128F9305A5C","1"
"1361","TRATUQR128F422F34D","1"
"1362","TRATWUD128F9309671","6"
"1363","TRATWYC12903CE60D6","6"
"1364","TRATXSW128F4243364","1"
"1365","TRATYJI128F4255D27","1"
"1366","TRATZQS128F1467D4B","6"
"1367","TRAUBMP128F9307E1C","1"
"1368","TRAUCRP128F931364D","1"
"1369","TRAUCZX128F149D9AE","1"
"1370","TRAUDRC128F148D15E","6"
"1371","TRAUEIZ128F14AE167","6"
"1372","TRAUEWN128F932C32C","1"
"1373","TRAUEYX12903CEAF48","1"
"1374","TRAUFDN128E07926A5","1"
"1375","TRAUFLM128F42AECDC","1"
"1376","TRAUFZY12903CD738A","6"
"1377","TRAUGLZ128F14AE500","8"
"1378","TRAUGQI128F4295BD1","6"
"1379","TRAUGRD128F425E997","6"
"1380","TRAUGYG128F428A174","1"
"1381","TRAUHXR12903CBDFE4","6"
"1382","TRAUIBK128F9345A79","6"
"1383","TRAUIHC128F427EEF9","1"
"1384","TRAUIMO128F147C31C","10"
"1385","TRAUJLJ128E0784E7C","1"
"1386","TRAUJOU128F9325DE7","1"
"1387","TRAUJPQ128F930D4C5","10"
"1388","TRAUJTZ12903CF7BB4","1"
"1389","TRAUJVM128F422C5A2","1"
"1390","TRAUKJZ128F9335412","2"
"1391","TRAULEG128F92F035B","9"
"1392","TRAULGT12903D10B94","1"
"1393","TRAULJK128F4294B58","9"
"1394","TRAUMIX12903CE640C","1"
"1395","TRAUMMP12903C9D5C4","3"
"1396","TRAUMNH128F92FB67F","6"
"1397","TRAUNEL128F1467D5C","1"
"1398","TRAUNNH12903CB038C","10"
"1399","TRAUNPM12903CB7CCC","8"
"1400","TRAUOAA128F4245ECF","3"
"1401","TRAUODU128F9307467","1"
"1402","TRAUONA128F4255A38","1"
"1403","TRAUOPA128F93537F2","1"
"1404","TRAUOPE128EF367610","6"
"1405","TRAUORF128F424D160","2"
"1406","TRAUOUZ128E078F8BB","1"
"1407","TRAUOXB128F146573B","2"
"1408","TRAUPSV128F427B621","2"
"1409","TRAUQAM128F9340CFE","1"
"1410","TRAUQFT128F4270904","1"
"1411","TRAUQUO128F92F8340","1"
"1412","TRAURGF128F427E9B5","2"
"1413","TRAURHK12903CA60F8","2"
"1414","TRAURRO128F1489B2C","6"
"1415","TRAURRP128F4261B94","6"
"1416","TRAUSBV128F9344D08","2"
"1417","TRAUSFP128F42A6BEE","7"
"1418","TRAUSHD128E0795347","1"
"1419","TRAUSKE128F930FB12","6"
"1420","TRAUSOM128F9337BC3","6"
"1421","TRAUSYQ12903CE5242","1"
"1422","TRAUTCA128F429B624","1"
"1423","TRAUTPD128F92F1376","6"
"1424","TRAUTSN128F14ADD4A","6"
"1425","TRAUTTP128F425BDEB","7"
"1426","TRAUTXO128F4263C8E","3"
"1427","TRAUUIF128F93232FE","1"
"1428","TRAUVAQ128F92DC677","1"
"1429","TRAUVGG128F9324DAC","10"
"1430","TRAUVSF128F14A0B6F","6"
"1431","TRAUVTO128F4297AA2","2"
"1432","TRAUVUF128F148D1AA","8"
"1433","TRAUVVR128F425A925","6"
"1434","TRAUWFN128F1462E09","6"
"1435","TRAUWQL128F424696E","1"
"1436","TRAUWRW128F9358C69","1"
"1437","TRAUWWP12903CC79CB","10"
"1438","TRAUXEL128F42683D5","8"
"1439","TRAUXSK128F427C58D","1"
"1440","TRAUXSO128F42B863C","1"
"1441","TRAUYLT128F427538E","6"
"1442","TRAUYOD128F42647FE","1"
"1443","TRAUYZG12903CDA4E9","6"
"1444","TRAUZFY128F42BCE57","6"
"1445","TRAUZTR128F9351D2A","6"
"1446","TRAUZVU12903CC050D","1"
"1447","TRAVANT128F92E3F71","6"
"1448","TRAVBAH128F9305DFC","1"
"1449","TRAVBCR128F933AE8E","1"
"1450","TRAVCNA128F930975C","8"
"1451","TRAVDBI12903D105BB","2"
"1452","TRAVDDJ128F92EF09C","1"
"1453","TRAVDGG128F92E389A","1"
"1454","TRAVDQQ128F421B864","8"
"1455","TRAVELY128F42606F8","1"
"1456","TRAVFEW128F92E2B47","1"
"1457","TRAVFPH128F42621EE","1"
"1458","TRAVFSW128F145C1D2","10"
"1459","TRAVGFT128F424278B","2"
"1460","TRAVGKM128F92C58B4","8"
"1461","TRAVGLC128F931535B","6"
"1462","TRAVGNH128F428CBA9","8"
"1463","TRAVGZS128F9338603","6"
"1464","TRAVHCL128F93015C4","1"
"1465","TRAVHIA128F1494B0C","6"
"1466","TRAVHLR128F146B476","2"
"1467","TRAVJDB128F93305EB","2"
"1468","TRAVJRC128F425D474","6"
"1469","TRAVKGM12903CA66FB","1"
"1470","TRAVKJJ128F424DA32","6"
"1471","TRAVKSX128F92EF211","7"
"1472","TRAVLKA128F428BBD3","1"
"1473","TRAVLNW128F4272F05","2"
"1474","TRAVLWL128F424EF6A","6"
"1475","TRAVLXZ128F42A22E4","8"
"1476","TRAVMXD12903CBBD0B","1"
"1477","TRAVMZX128F14AB117","2"
"1478","TRAVOHH128F4247EF9","1"
"1479","TRAVOLQ128F9322DB4","2"
"1480","TRAVPHL128F424EAE1","6"
"1481","TRAVQBP128F145BB9B","1"
"1482","TRAVQPL128F9308D97","1"
"1483","TRAVQZF128F92F3CE3","6"
"1484","TRAVRJA128F9329C4C","1"
"1485","TRAVROF128F421AC2D","1"
"1486","TRAVRPL128F145E874","6"
"1487","TRAVSQE12903CB6879","6"
"1488","TRAVTEH128E07953EA","6"
"1489","TRAVTUD128F93094F2","6"
"1490","TRAVUAJ128E078EDA2","6"
"1491","TRAVUOI128F424142F","6"
"1492","TRAVVBW128F42819B2","1"
"1493","TRAVVEB128F934DD34","1"
"1494","TRAVWTN128F425D2D5","1"
"1495","TRAVWYR128F92DED0F","2"
"1496","TRAVWZA128F931F36E","8"
"1497","TRAVXBL128F42BB389","1"
"1498","TRAVXII128F92FCC6D","10"
"1499","TRAVXUN12903CAC564","8"
"1500","TRAVYHI12903CB95EC","1"
"1501","TRAVYIU128F42625E1","6"
"1502","TRAVYVD128F4237876","2"
"1503","TRAVYXL128EF34722F","8"
"1504","TRAVZDX128F92ECF9B","2"
"1505","TRAVZWX128F92EC110","10"
"1506","TRAWABF128F92EC63A","2"
"1507","TRAWAXV128F92E075C","6"
"1508","TRAWBBO128F92D15E1","6"
"1509","TRAWBOE128F92F2F46","8"
"1510","TRAWBVQ128F149ADFD","2"
"1511","TRAWBWG128F1462C30","1"
"1512","TRAWCGS128F934BE2F","8"
"1513","TRAWCIS128F428CFD1","1"
"1514","TRAWCJY128F146A1D5","6"
"1515","TRAWCQE128F14676AC","6"
"1516","TRAWDLK128EF342E1E","1"
"1517","TRAWDOU128F146D770","1"
"1518","TRAWDWZ128F9340E55","6"
"1519","TRAWEDC128F14A2EBA","1"
"1520","TRAWEFD12903CBADE8","1"
"1521","TRAWEIX128F14B0F05","1"
"1522","TRAWEQF128F42591E9","2"
"1523","TRAWEST128F4242614","1"
"1524","TRAWFCM12903CBE6FA","1"
"1525","TRAWFGF128E0792FE0","6"
"1526","TRAWFYX12903CA4766","1"
"1527","TRAWFZB128F92FFB99","1"
"1528","TRAWGKB128F4268327","8"
"1529","TRAWGLP128F92DE5AD","1"
"1530","TRAWGXD128F428A36B","1"
"1531","TRAWGYK128F42B847B","1"
"1532","TRAWHTB128F92FE5B8","1"
"1533","TRAWHZK12903CB5A01","6"
"1534","TRAWIGC128F4295A2F","9"
"1535","TRAWIGT128F427448E","2"
"1536","TRAWIJG128F42B502C","6"
"1537","TRAWJPF128F42626DB","6"
"1538","TRAWKPT128E0795428","1"
"1539","TRAWKQB128F92EE55D","2"
"1540","TRAWLGG128F42884CA","7"
"1541","TRAWLYD128F42153D2","2"
"1542","TRAWMBE128F423A76C","1"
"1543","TRAWNDA128F9341C35","6"
"1544","TRAWNOH128F4287513","6"
"1545","TRAWNSM12903CA71FC","6"
"1546","TRAWOBG128F93256C6","6"
"1547","TRAWOCY128F145B051","6"
"1548","TRAWODX128F42AC413","6"
"1549","TRAWOHD128F148D176","1"
"1550","TRAWOVS128F424DC49","6"
"1551","TRAWPBO128F933D918","6"
"1552","TRAWPFX128F92E58B5","6"
"1553","TRAWPNC128F92EAA90","2"
"1554","TRAWPXB12903CFA413","2"
"1555","TRAWQSO128F424E2F9","1"
"1556","TRAWRHQ128F1495E6B","2"
"1557","TRAWRKQ128F429866C","9"
"1558","TRAWRWK128F4260B37","6"
"1559","TRAWSJK128F42767F2","1"
"1560","TRAWSSL12903CC4734","1"
"1561","TRAWSXV128F4273E35","1"
"1562","TRAWSYF128F149431A","1"
"1563","TRAWTGS128F14569A8","1"
"1564","TRAWTHB12903CB6497","10"
"1565","TRAWTKK128F92C25D0","1"
"1566","TRAWTUG12903CB2DB8","1"
"1567","TRAWTUV128F426DD46","1"
"1568","TRAWUJY128F9342A56","10"
"1569","TRAWULX128F4291255","1"
"1570","TRAWUUP12903CEF2F9","6"
"1571","TRAWVNL128F9327983","6"
"1572","TRAWVWS128F42ADCD1","7"
"1573","TRAWWHT128F426894E","1"
"1574","TRAWWIK128E078D19C","7"
"1575","TRAWWQM128F148C796","6"
"1576","TRAWXYD128F4255FBD","9"
"1577","TRAWYDB12903CC4519","2"
"1578","TRAWYNV128F92F5E7E","6"
"1579","TRAWYTV128F429DEE8","3"
"1580","TRAWZLK128F930EC02","2"
"1581","TRAWZRG128F1489B24","6"
"1582","TRAXAHC128F421D3C3","1"
"1583","TRAXALK128F1462FF7","1"
"1584","TRAXAMO128F4289D24","1"
"1585","TRAXAZZ128F4255FAF","9"
"1586","TRAXBUJ128F4247432","1"
"1587","TRAXBVE128F932BD11","1"
"1588","TRAXCZO12903CB819D","6"
"1589","TRAXDAH128F422BBFC","6"
"1590","TRAXDBM128E0785BD8","6"
"1591","TRAXDML128E079159C","1"
"1592","TRAXDNU128F9341CDE","1"
"1593","TRAXDRW128F428A030","1"
"1594","TRAXEHW128F423E590","1"
"1595","TRAXGVY128F933E9C9","1"
"1596","TRAXHQZ128F4278712","2"
"1597","TRAXIES128F426C8F0","2"
"1598","TRAXIYW12903CB4343","10"
"1599","TRAXJBW128E0788652","6"
"1600","TRAXJGG128EF3686D7","6"
"1601","TRAXJHG128F427EA02","1"
"1602","TRAXJIS12903CCAF92","2"
"1603","TRAXJOA128F93474E8","2"
"1604","TRAXJVO128F42AC534","6"
"1605","TRAXLIU128E07860D4","1"
"1606","TRAXLLN128F428B982","1"
"1607","TRAXLPR128F428E466","1"
"1608","TRAXLYT128F9348137","1"
"1609","TRAXMWV128F14612AB","2"
"1610","TRAXOQD12903CDD59D","1"
"1611","TRAXOQP128F930DD49","1"
"1612","TRAXOWL128F9343C95","1"
"1613","TRAXPEN128F933F4DC","1"
"1614","TRAXPGM128F428BBA6","1"
"1615","TRAXPHE128F92F4100","1"
"1616","TRAXPJU128F148ADE8","1"
"1617","TRAXQDR128F4260194","2"
"1618","TRAXQUZ128F42B77BE","1"
"1619","TRAXQZA128F1463DEB","6"
"1620","TRAXRGF128F930A59F","1"
"1621","TRAXRSK128F42B44D2","6"
"1622","TRAXRWA128F42464CD","1"
"1623","TRAXSWS128F4254E1A","1"
"1624","TRAXSWX128E0792BEF","7"
"1625","TRAXUBG128F9332164","1"
"1626","TRAXUHM128E078900C","1"
"1627","TRAXUIZ12903CDF737","1"
"1628","TRAXUPN128F42855C8","8"
"1629","TRAXUQL128F932D6C4","6"
"1630","TRAXWDS12903CEE35E","6"
"1631","TRAXWLM128F1453E3B","1"
"1632","TRAXWQU128F42716E2","1"
"1633","TRAXXGI128F14688C7","1"
"1634","TRAXXIT128F4263075","1"
"1635","TRAXXQA128F9301855","6"
"1636","TRAXYGX128F93158FC","1"
"1637","TRAXYPP128F92F9111","6"
"1638","TRAXZSJ128F145B3B0","1"
"1639","TRAYABW128F4235888","10"
"1640","TRAYADL128F14A4735","6"
"1641","TRAYAKN128F9330A65","6"
"1642","TRAYBTO128F932008B","1"
"1643","TRAYCIH128E07890B9","10"
"1644","TRAYCVB128F92EB7B0","6"
"1645","TRAYDJL128F145F261","1"
"1646","TRAYDXA128F42296C6","6"
"1647","TRAYDYV128F42906E1","1"
"1648","TRAYDZH128C71967BC","6"
"1649","TRAYDZS128F4288459","9"
"1650","TRAYEGN128F9361233","6"
"1651","TRAYEKM128F92FB049","1"
"1652","TRAYESZ128F1458FAE","6"
"1653","TRAYEUY128F4233766","1"
"1654","TRAYFBF128F92C52AB","1"
"1655","TRAYFPK128E07850DC","6"
"1656","TRAYFXH128F92E20F8","2"
"1657","TRAYGBT12903CF5DF0","6"
"1658","TRAYGHE12903CD213E","4"
"1659","TRAYGQU128F934B4F5","6"
"1660","TRAYGYF128F930CA01","8"
"1661","TRAYHSN128F427E065","2"
"1662","TRAYICR128F4282520","1"
"1663","TRAYIUG12903CC7E3C","2"
"1664","TRAYIUY128F4289952","1"
"1665","TRAYJHF128F4294CB8","1"
"1666","TRAYJMK128F9300253","6"
"1667","TRAYJOF128F92F9EEA","6"
"1668","TRAYKOC128F930D2B8","6"
"1669","TRAYKTU128F934C82A","1"
"1670","TRAYKZI128F932B9E8","6"
"1671","TRAYLEA128F42B9487","1"
"1672","TRAYLKH128F427BCCC","1"
"1673","TRAYLRT128F42605AF","6"
"1674","TRAYLSA12903CD02FC","6"
"1675","TRAYMFR12903D09540","6"
"1676","TRAYMJB12903CB050F","1"
"1677","TRAYMKM128F4277046","8"
"1678","TRAYMXS128F1452986","2"
"1679","TRAYNVX128F933091B","2"
"1680","TRAYOQI128F92F0967","6"
"1681","TRAYOXN128E07926A8","1"
"1682","TRAYPFH128E07937C3","1"
"1683","TRAYPMR128E0785DD1","6"
"1684","TRAYQAI12903CBDD3D","7"
"1685","TRAYQCQ12903C99425","8"
"1686","TRAYQKQ128F1491182","1"
"1687","TRAYRPQ128F428DCC8","6"
"1688","TRAYSMW128F1468307","6"
"1689","TRAYSUA128F9338AD8","2"
"1690","TRAYTDZ128F93146E3","1"
"1691","TRAYTME128F423DC95","1"
"1692","TRAYTMY12903CE4E5A","6"
"1693","TRAYUCR128E078EE0F","4"
"1694","TRAYUCR128F92E574F","3"
"1695","TRAYUKR128F9344BB4","1"
"1696","TRAYUWU128F423F66D","1"
"1697","TRAYVLL128F9335B7A","2"
"1698","TRAYWHE128F92E9D6A","6"
"1699","TRAYWLI128F9300223","1"
"1700","TRAYXBT128F425C974","2"
"1701","TRAYXDI128F428CD9C","1"
"1702","TRAYXPS128F422842E","6"
"1703","TRAYXZX128F930F022","2"
"1704","TRAYYAU128F92D58D0","1"
"1705","TRAYYCA128F422B2A1","9"
"1706","TRAYYKO128F92E133B","6"
"1707","TRAYZBA128F4264551","6"
"1708","TRAYZXR128F934858F","1"
"1709","TRAYZXS12903CF1C4F","10"
"1710","TRAYZXT128F42650B1","2"
"1711","TRAYZZB128F425B73A","2"
"1712","TRAZACV128F426983D","6"
"1713","TRAZAKG12903CF8157","10"
"1714","TRAZASN128F427DB44","6"
"1715","TRAZBBP128E07845D4","1"
"1716","TRAZCOX128F42B6555","1"
"1717","TRAZCPK128E078AF3F","1"
"1718","TRAZCSY128F42683F2","6"
"1719","TRAZCUE128F4223510","6"
"1720","TRAZDHL12903CBBB4B","2"
"1721","TRAZDKY128F4235130","9"
"1722","TRAZDPO128E078ECE6","1"
"1723","TRAZDTT128F9346306","1"
"1724","TRAZEBG128F1456D2E","6"
"1725","TRAZEDS128F14836FE","2"
"1726","TRAZEYQ12903C9D099","6"
"1727","TRAZFYU128F93569C6","10"
"1728","TRAZHYX128F9311662","1"
"1729","TRAZHZI128F930653D","1"
"1730","TRAZIQB128F934B755","6"
"1731","TRAZJGD128F4289D2A","1"
"1732","TRAZJOI12903CDA550","8"
"1733","TRAZJRY128F92E9CD6","6"
"1734","TRAZJUH128F934465B","6"
"1735","TRAZKAG12903CD1918","8"
"1736","TRAZKPM12903CE9664","8"
"1737","TRAZLCH12903CE3D6D","1"
"1738","TRAZLCL128F92F0A89","1"
"1739","TRAZLFO12903CB6C0B","10"
"1740","TRAZLLR128F42A8DCC","6"
"1741","TRAZLVR128E078F044","1"
"1742","TRAZNDI128F9321777","1"
"1743","TRAZOEU128F92E28DD","1"
"1744","TRAZORC128F426C323","6"
"1745","TRAZOSB128F9302A07","6"
"1746","TRAZPJO12903CB4EA6","1"
"1747","TRAZPMW12903CFAC16","1"
"1748","TRAZPYG128F4288AC3","1"
"1749","TRAZQET128F42A0449","1"
"1750","TRAZRAR128F1477778","6"
"1751","TRAZRBR128E0782989","1"
"1752","TRAZRKK12903CD7385","1"
"1753","TRAZRKX12903D0C4DB","6"
"1754","TRAZRXP12903CBD6A9","1"
"1755","TRAZSCZ128F42554F4","6"
"1756","TRAZSFV128F14806FE","3"
"1757","TRAZSJY128F92CCEA0","1"
"1758","TRAZSRV128F1452866","1"
"1759","TRAZSVJ128E0785129","10"
"1760","TRAZSVT128F92DEC7B","2"
"1761","TRAZSZD128F424AA49","1"
"1762","TRAZTBZ12903CFB6DA","1"
"1763","TRAZUVK12903C9ACBA","6"
"1764","TRAZVFJ128F9310CE2","6"
"1765","TRAZVMZ128F1476A87","3"
"1766","TRAZVVV128F428A033","6"
"1767","TRAZVYP128F1459AD9","1"
"1768","TRAZVZJ128F92EF28A","1"
"1769","TRAZWDT128F4241B14","1"
"1770","TRAZWFF128F42508A6","6"
"1771","TRAZWGV128F425DA7C","6"
"1772","TRAZWSN12903CD494F","1"
"1773","TRAZWTT128F935AA16","9"
"1774","TRAZXBG12903CC5BF2","6"
"1775","TRAZXBO128F429DA70","1"
"1776","TRAZXDC128F429874E","1"
"1777","TRAZYJO128F42AF4B5","2"
"1778","TRAZYQF12903CE3DA5","1"
"1779","TRAZYQU128F934AC32","1"
"1780","TRAZYVR128F4280A24","1"
"1781","TRAZYYE128F1456A0E","6"
"1782","TRAZYZQ128F146653D","2"
"1783","TRAZZLJ128E07945F2","1"
"1784","TRAZZQC128F427A0F5","1"
"1785","TRBAAGQ128F148D17E","6"
"1786","TRBAAOC128F42A6BEA","1"
"1787","TRBAAOT128F4261A18","6"
"1788","TRBABAC128E07852A8","3"
"1789","TRBABGU128F93391B2","1"
"1790","TRBABRR128F427D982","2"
"1791","TRBACUF128F4247F8C","1"
"1792","TRBADFY128F422F325","6"
"1793","TRBADGN128F42AA534","2"
"1794","TRBAEJD128F4264B50","1"
"1795","TRBAFBU128F427EFCE","1"
"1796","TRBAFWX12903CA9831","1"
"1797","TRBAHBP128F42985D6","10"
"1798","TRBAHED128F426A1C2","4"
"1799","TRBAHEH128F9327D39","1"
"1800","TRBAHID128F4278EAF","1"
"1801","TRBAHJW128F92CC8B4","8"
"1802","TRBAHPZ128F427FCEA","6"
"1803","TRBAIAW128F92C5652","10"
"1804","TRBAIHN128F427D480","8"
"1805","TRBAIKM12903CBCF21","6"
"1806","TRBAJRL128F1482E66","6"
"1807","TRBAJXD12903CC3493","6"
"1808","TRBAKRM128F4248228","1"
"1809","TRBALIJ128F14884B5","1"
"1810","TRBAMES128F14947D4","6"
"1811","TRBAMEV128F148C814","6"
"1812","TRBAMFR128F4287A3C","8"
"1813","TRBAMXF128F1470AD6","6"
"1814","TRBANAZ12903CCFE35","1"
"1815","TRBANBC128F147E363","6"
"1816","TRBANCJ128F42812AE","1"
"1817","TRBANHO128F425A477","6"
"1818","TRBANHO128F93466AF","2"
"1819","TRBANPN128F148CC45","1"
"1820","TRBAOBO128F1456D66","1"
"1821","TRBAOJU128F42621E6","1"
"1822","TRBARCH128F92FB2A9","6"
"1823","TRBARHH128E078EDE9","1"
"1824","TRBARSX12903D03AE5","8"
"1825","TRBASEQ128F93155D2","6"
"1826","TRBASGH128F4276439","7"
"1827","TRBATEY128F4285370","1"
"1828","TRBATGR128F14AD2FA","1"
"1829","TRBATKI128F4284D54","6"
"1830","TRBATRO128F4225566","2"
"1831","TRBATSC128F427D709","2"
"1832","TRBAUBI128F424142E","1"
"1833","TRBAULO128F93300AE","6"
"1834","TRBAUPE128F9305DC7","1"
"1835","TRBAUVN128F932FEF8","6"
"1836","TRBAVLT128F428F147","6"
"1837","TRBAVMF12903CEA4FB","7"
"1838","TRBAWKB128F931BAEE","1"
"1839","TRBAWSG128F14ADD48","1"
"1840","TRBAXCV12903CA4067","6"
"1841","TRBAXDP12903CD1922","6"
"1842","TRBAXUW128F933BBD9","2"
"1843","TRBAYEM12903CAC072","10"
"1844","TRBAYER128F933D3B7","1"
"1845","TRBAZFD12903CB641D","6"
"1846","TRBAZYH128F4288198","6"
"1847","TRBBAHD128F428E0FE","8"
"1848","TRBBAKH128F92FA339","1"
"1849","TRBBBMT128F42A0A4E","1"
"1850","TRBBCBT12903CB0497","6"
"1851","TRBBCJH128F930C970","1"
"1852","TRBBDPA12903CCCA06","6"
"1853","TRBBDXO128F14A4737","6"
"1854","TRBBEGG128F9314BAA","6"
"1855","TRBBEJC128F4281471","7"
"1856","TRBBEQY128F42373AF","1"
"1857","TRBBEYU128F4235623","1"
"1858","TRBBFBZ128F42493ED","6"
"1859","TRBBFHG128F932B9D6","8"
"1860","TRBBFOT12903CBCB4F","1"
"1861","TRBBFUA128F933AB95","2"
"1862","TRBBGDK128F427D450","1"
"1863","TRBBGQN128F9310CBE","6"
"1864","TRBBHFE12903CA5EEB","1"
"1865","TRBBHLO128F9302EA4","6"
"1866","TRBBHPQ128F145A7F8","1"
"1867","TRBBHUW128F429476F","9"
"1868","TRBBIBE128F4226E29","1"
"1869","TRBBICL128F42ADFD3","2"
"1870","TRBBILZ12903CB422C","6"
"1871","TRBBIPG128F92FA94D","2"
"1872","TRBBJAJ128F425DA40","1"
"1873","TRBBJBO128F92EB2C5","10"
"1874","TRBBJFO12903D074EE","1"
"1875","TRBBJVE128F9303F10","6"
"1876","TRBBKLD128F424ABF5","1"
"1877","TRBBKXZ128F4215C88","2"
"1878","TRBBLFA12903CDC496","6"
"1879","TRBBLTE128F42558EF","10"
"1880","TRBBLTV12903CC3C00","2"
"1881","TRBBMAL128F146B288","2"
"1882","TRBBMDA12903CB688E","1"
"1883","TRBBMIF12903CA1EB0","1"
"1884","TRBBMLR128F1466822","8"
"1885","TRBBMPH128F1469775","6"
"1886","TRBBMQN128EF35F995","6"
"1887","TRBBMXI128F428CCD1","6"
"1888","TRBBNNS128F931C83D","2"
"1889","TRBBOBQ12903CC5186","1"
"1890","TRBBOME12903CC3862","1"
"1891","TRBBOPV12903CFB50F","6"
"1892","TRBBOUN128F425A4E6","6"
"1893","TRBBPGU12903CF7C25","1"
"1894","TRBBPPB128F14AB242","2"
"1895","TRBBPSX128F93332EE","2"
"1896","TRBBQFV128F4252EFF","6"
"1897","TRBBQJZ128F92C5AF2","1"
"1898","TRBBQPP128F92EE611","1"
"1899","TRBBREF128F933CCDD","1"
"1900","TRBBTDV128F934F6B1","7"
"1901","TRBBTLA128F4226907","2"
"1902","TRBBTUD128F42A10A3","8"
"1903","TRBBTZW12903CE7495","6"
"1904","TRBBUCK128F42AFAD6","1"
"1905","TRBBULA128F146E122","1"
"1906","TRBBUOJ128F92FC6F2","10"
"1907","TRBBVBM128F4276D82","1"
"1908","TRBBVNR128E078E1E4","1"
"1909","TRBBVSO128F9341C12","1"
"1910","TRBBWDJ128F42595D5","8"
"1911","TRBBWIP128F4287400","2"
"1912","TRBBWNS128F426F760","6"
"1913","TRBBXEG128F424EC2C","6"
"1914","TRBBXMC128F422C330","1"
"1915","TRBBXML128F4256DFF","8"
"1916","TRBBYDT128F14805B4","6"
"1917","TRBBYFJ128F42A22D4","1"
"1918","TRBBYOI128F4256732","1"
"1919","TRBBZOG128F422B02B","6"
"1920","TRBBZQM128F931A529","1"
"1921","TRBBZXJ12903CD3E8D","1"
"1922","TRBCADG128F14AB245","2"
"1923","TRBCALG128F1483839","1"
"1924","TRBCANP128F92FA6B9","6"
"1925","TRBCBLN128F932BC9D","10"
"1926","TRBCBLV128F14ADF31","6"
"1927","TRBCBMG12903CDE2A4","1"
"1928","TRBCBVY128F933A195","2"
"1929","TRBCBXZ128F14628C3","6"
"1930","TRBCCAJ128F148CBBB","1"
"1931","TRBCDCS128F422F0CF","6"
"1932","TRBCEVJ128F428E090","6"
"1933","TRBCFLI128F429F370","1"
"1934","TRBCGET128F9315E90","1"
"1935","TRBCGKB12903CC0031","7"
"1936","TRBCGKN128F4269BD4","1"
"1937","TRBCGRI128F93355E9","10"
"1938","TRBCGXN128F148C0CD","1"
"1939","TRBCHEE128F92F82D0","1"
"1940","TRBCHSH128F93304E1","1"
"1941","TRBCIEV12903CE60F1","1"
"1942","TRBCIRO128F42B0277","6"
"1943","TRBCIXV128F4261F09","6"
"1944","TRBCJIX128F424F99E","9"
"1945","TRBCJQH128F1497A7B","3"
"1946","TRBCJRW12903CD02BC","1"
"1947","TRBCJSZ128E07969B5","6"
"1948","TRBCJUF128F93190C2","1"
"1949","TRBCKEI128F92FE542","2"
"1950","TRBCKNP128F4222D54","6"
"1951","TRBCKRF128F9320920","2"
"1952","TRBCLGH12903CCA1D0","1"
"1953","TRBCMSO128F92E6AE5","1"
"1954","TRBCNWM128F92D50EC","1"
"1955","TRBCPXR128F42AC544","1"
"1956","TRBCQLB128F9332CF4","6"
"1957","TRBCRDW128F422D8BA","8"
"1958","TRBCSDW128F424D686","6"
"1959","TRBCSMH128F146A146","1"
"1960","TRBCSSP128F933B1D2","6"
"1961","TRBCTBG128F42B7E1B","1"
"1962","TRBCTRX128F4299237","1"
"1963","TRBCUBV128F145F7E9","1"
"1964","TRBCULX128F92F5CB3","2"
"1965","TRBCUPT128F1462B73","10"
"1966","TRBCVFF128F4222C3C","6"
"1967","TRBCVKL128F92CE9EF","6"
"1968","TRBCVPD12903CECBE8","1"
"1969","TRBCWGM128F428D6FD","6"
"1970","TRBCWOW128F1467692","1"
"1971","TRBCWPC128F42438DF","6"
"1972","TRBCWYB128F92E246A","10"
"1973","TRBCWYJ128F93213A1","1"
"1974","TRBCXDA128F426A86F","2"
"1975","TRBCYEC128F423A352","1"
"1976","TRBCYOI128F1455566","1"
"1977","TRBDAVU128F423814A","6"
"1978","TRBDBJM128F1456D2D","3"
"1979","TRBDBOI128E07817D7","8"
"1980","TRBDBRX128F92F6E19","6"
"1981","TRBDBVM128F427BCC9","6"
"1982","TRBDBXO128F42B3E45","2"
"1983","TRBDCAB128F92F7EE4","6"
"1984","TRBDCAH128EF362D31","1"
"1985","TRBDDKF128F426BF7B","8"
"1986","TRBDDTT128F4291192","10"
"1987","TRBDEKV128F426BDAF","1"
"1988","TRBDENV12903CC4FDA","1"
"1989","TRBDEXM128F4291A7F","1"
"1990","TRBDFCT128F4285E05","1"
"1991","TRBDFMM128F42A63D0","1"
"1992","TRBDFPV128F42A072C","1"
"1993","TRBDFUU128F92EF5BC","6"
"1994","TRBDHKL128F426BE45","1"
"1995","TRBDHUD128F934B032","1"
"1996","TRBDHUE128F9317991","6"
"1997","TRBDHUR128F423EC48","1"
"1998","TRBDIBC12903CE95C2","1"
"1999","TRBDIMX128F147A307","6"
"2000","TRBDIOP128EF35F99C","6"
"2001","TRBDIPI128F4279185","2"
"2002","TRBDITJ128F145998C","1"
"2003","TRBDITK128F931B9A7","1"
"2004","TRBDIZG12903CD68A3","10"
"2005","TRBDKOV128F4290943","1"
"2006","TRBDKQI128F1465028","6"
"2007","TRBDLLL128F9331D6E","1"
"2008","TRBDLRT128F4296B2F","1"
"2009","TRBDLXE128F9310E95","1"
"2010","TRBDMAU128F935960B","1"
"2011","TRBDMCC128F9358267","1"
"2012","TRBDMRW128F933A391","2"
"2013","TRBDMWS128F423A021","1"
"2014","TRBDNGV128F42895AE","1"
"2015","TRBDNNY128F147C34C","6"
"2016","TRBDNWG12903CC3873","1"
"2017","TRBDNZI128F14A9065","1"
"2018","TRBDODQ128F423A780","1"
"2019","TRBDOEI128F9329AE5","2"
"2020","TRBDOVF128E0795641","1"
"2021","TRBDPHP128F92C2AE1","2"
"2022","TRBDPRV128F9306A7E","2"
"2023","TRBDQLL128E078B757","6"
"2024","TRBDRIN128F9308ABF","2"
"2025","TRBDRIR128F4241358","10"
"2026","TRBDROB128F93093CA","2"
"2027","TRBDSFP128E07937B9","1"
"2028","TRBDSLA128F4288246","6"
"2029","TRBDSPH12903CA2967","6"
"2030","TRBDSWA128F92FE70A","6"
"2031","TRBDSXV128F92F5B43","6"
"2032","TRBDTNY128F9327A10","6"
"2033","TRBDTZX128F92DFA66","6"
"2034","TRBDUSM128F9339A13","8"
"2035","TRBDUXD128F148328A","8"
"2036","TRBDVCW128F427C875","2"
"2037","TRBDVJF128E078894B","1"
"2038","TRBDVLN128E078C6FB","10"
"2039","TRBDVVT128F4279D11","1"
"2040","TRBDVZL128F92F579F","1"
"2041","TRBDWLE128F42B3112","6"
"2042","TRBDWRY128F427991E","1"
"2043","TRBDYEF128F423DC43","6"
"2044","TRBDYIC128F92F1D17","1"
"2045","TRBEAMO128F425B75F","6"
"2046","TRBEATE128E078F0D8","6"
"2047","TRBEAWP128F422B4D1","5"
"2048","TRBEAXZ128F424347B","6"
"2049","TRBEBEZ128E0792F08","1"
"2050","TRBEBFU128F14971BD","1"
"2051","TRBEBNV128F423783D","1"
"2052","TRBEBUU128F92C945D","1"
"2053","TRBEBVZ128F425A660","6"
"2054","TRBEBWG128F93214A4","6"
"2055","TRBEBWN128F933D21F","6"
"2056","TRBEBYV128F14A0B65","6"
"2057","TRBECAL128F4270F27","6"
"2058","TRBECBY128F148B6F3","1"
"2059","TRBECKU128F428B08A","1"
"2060","TRBECUJ128F14B0BA7","3"
"2061","TRBEDBC128F145B134","1"
"2062","TRBEDIR128F4250FBD","6"
"2063","TRBEELS128F42B63A8","8"
"2064","TRBEERY128F4231A2E","6"
"2065","TRBEFFG128E0793C24","6"
"2066","TRBEFJE128F932139E","1"
"2067","TRBEFQB128F932138A","1"
"2068","TRBEHBS128F4233471","2"
"2069","TRBEHFA128F145B3DA","8"
"2070","TRBEHGH128E078DEDE","1"
"2071","TRBEHNT128E0792546","1"
"2072","TRBEIAM12903CF4476","6"
"2073","TRBEIBI12903CBD2B6","6"
"2074","TRBEIBI12903CC4C7B","6"
"2075","TRBEIKK128F14628D6","6"
"2076","TRBEIRT128F42A6680","1"
"2077","TRBEISL128F931B107","1"
"2078","TRBEIVC128F9320E95","6"
"2079","TRBEIYU128F92E88A9","1"
"2080","TRBEKGF12903CBE1C6","6"
"2081","TRBEKGR128F425DA44","1"
"2082","TRBELDP128F427EDD0","1"
"2083","TRBEMTF128F42660CA","1"
"2084","TRBENNA12903D0411A","6"
"2085","TRBENTT128E0781C26","6"
"2086","TRBENZB128F429C5FD","1"
"2087","TRBENZL128F1455ECA","6"
"2088","TRBEOMZ12903CBCD33","1"
"2089","TRBEONX128E0788D2B","1"
"2090","TRBEOUP12903CF652E","1"
"2091","TRBEQFT128F4238A28","1"
"2092","TRBERCZ128E0787D93","9"
"2093","TRBESEX128F147BB13","2"
"2094","TRBESGH128E0788912","8"
"2095","TRBETHV128F429722F","2"
"2096","TRBETVK128F4288B49","1"
"2097","TRBEUKI128F9318306","1"
"2098","TRBEUMG128F422305C","1"
"2099","TRBEUSV128F42A5F43","1"
"2100","TRBEVTM128F92FE2B2","7"
"2101","TRBEWCS128F428BA34","1"
"2102","TRBEWTY12903CB4779","6"
"2103","TRBEXUF128F92DF175","6"
"2104","TRBEYDS128F148C563","1"
"2105","TRBEYEO128F9308A8D","2"
"2106","TRBEYJR128F4292651","7"
"2107","TRBEYYM128F1493C56","8"
"2108","TRBFAKP128F148B600","6"
"2109","TRBFANX128F42934C3","6"
"2110","TRBFBOG128F9356C6E","1"
"2111","TRBFBUO128F42A3DED","9"
"2112","TRBFCWN128F92D5E03","1"
"2113","TRBFCZL128F42915B0","10"
"2114","TRBFDGT128E0786A25","1"
"2115","TRBFDRD128F92F79D5","6"
"2116","TRBFEIX128F426A5F8","6"
"2117","TRBFGDW128F4261FA6","1"
"2118","TRBFGFF12903CF4183","2"
"2119","TRBFHQG128F93092E5","3"
"2120","TRBFHRA128F424D28A","1"
"2121","TRBFIAK128E07823AA","6"
"2122","TRBFICL12903C9CE02","1"
"2123","TRBFIHG128F4289CF9","6"
"2124","TRBFIUJ12903CFEB7C","10"
"2125","TRBFJDL128F1461579","8"
"2126","TRBFJGB128F42612B1","1"
"2127","TRBFJKU12903CEDB0C","1"
"2128","TRBFJPO128F4295BE3","2"
"2129","TRBFKHT128F427215E","1"
"2130","TRBFKNY128F92E0FF2","6"
"2131","TRBFLER128F148C52B","1"
"2132","TRBFLFI128F427F374","1"
"2133","TRBFLIP128E07897B4","6"
"2134","TRBFLOH128F42630E3","6"
"2135","TRBFLSD128F42A0F4C","6"
"2136","TRBFMAS128E078F352","6"
"2137","TRBFMFO128F421BFD4","2"
"2138","TRBFMGE12903CDECE5","2"
"2139","TRBFMTO128F9322AE7","1"
"2140","TRBFNBC12903CA9800","1"
"2141","TRBFNMG128F4278109","1"
"2142","TRBFOEA128F425D2DB","1"
"2143","TRBFPEP128F14ADD52","6"
"2144","TRBFPJD128F933B5C3","10"
"2145","TRBFPRL128F14569B9","10"
"2146","TRBFQPI128F4280CDA","6"
"2147","TRBFQQY128F4249C56","10"
"2148","TRBFRFR128E0781C86","6"
"2149","TRBFRNE128F42368B1","1"
"2150","TRBFRZX128F9341EAE","1"
"2151","TRBFSKB128F145C5B1","6"
"2152","TRBFSNP128F14572B5","6"
"2153","TRBFSPZ12903CB5230","6"
"2154","TRBFTHM12903CCC8FD","1"
"2155","TRBFTJP128F426AC3F","8"
"2156","TRBFUMI128F42B5731","6"
"2157","TRBFUNY128C7196B7D","6"
"2158","TRBFUPH128F426310A","6"
"2159","TRBFUPZ128F145DB81","2"
"2160","TRBFURI128F1455498","1"
"2161","TRBFUSW128F92D0357","6"
"2162","TRBFUXQ128F145B135","6"
"2163","TRBFVAA128F423C356","6"
"2164","TRBFVEP128F42621E3","1"
"2165","TRBFVMO128F14537D3","1"
"2166","TRBFVOP12903CF0DFA","3"
"2167","TRBFVZI128F147FCAF","6"
"2168","TRBFVZZ128F92FD7B5","2"
"2169","TRBFWSP128F92F29B4","6"
"2170","TRBFWTU128F4220AC5","1"
"2171","TRBFWYX128F145F889","1"
"2172","TRBFXMJ12903CB50F6","1"
"2173","TRBFXVN128E078CF62","1"
"2174","TRBFYJE128F14A8ABF","1"
"2175","TRBFYKT128F428AFF7","6"
"2176","TRBFZRA128F427030C","1"
"2177","TRBGACK12903CD5CF5","2"
"2178","TRBGBEE12903CBD301","6"
"2179","TRBGBGO128F4264203","1"
"2180","TRBGBIK128F4294A67","9"
"2181","TRBGBUY128F422B413","1"
"2182","TRBGCAK128F425F3CC","10"
"2183","TRBGCLK128F4237A50","6"
"2184","TRBGDXO128EF3531E8","3"
"2185","TRBGDXT128F1487E86","1"
"2186","TRBGEGB128F9345BD0","6"
"2187","TRBGEZA128F4286D23","10"
"2188","TRBGFLG128F1465AFD","3"
"2189","TRBGFUW12903CA0E6B","1"
"2190","TRBGFXC12903D01967","6"
"2191","TRBGGFE128E0785AC0","10"
"2192","TRBGGOS128F9307FC5","1"
"2193","TRBGGRK128F422CA7F","9"
"2194","TRBGGTE128F424ECBC","6"
"2195","TRBGGYE128F42B63AB","6"
"2196","TRBGHJG128F428ADB4","1"
"2197","TRBGHND128E079438C","1"
"2198","TRBGHVM128F146B47A","2"
"2199","TRBGIAQ128F1483BFE","6"
"2200","TRBGICJ128F427BA9A","2"
"2201","TRBGIDU128F4241A2E","6"
"2202","TRBGIPU128F4290454","1"
"2203","TRBGITL12903CF2662","1"
"2204","TRBGJDW128F4292EDB","1"
"2205","TRBGJIZ128F92E42BC","6"
"2206","TRBGJOG12903CC3E93","2"
"2207","TRBGKGR128F92EE206","2"
"2208","TRBGKJU128E079851F","1"
"2209","TRBGLAD128F9343692","2"
"2210","TRBGLRQ12903CA86EE","6"
"2211","TRBGLSW12903CE3D8A","1"
"2212","TRBGMAZ12903CC3707","2"
"2213","TRBGMJF128F425E8EA","6"
"2214","TRBGMUA128F92E9A1C","1"
"2215","TRBGMWQ12903CC23CD","10"
"2216","TRBGNAF128F9339532","2"
"2217","TRBGNCL128F428F56F","6"
"2218","TRBGNNC128F148D427","1"
"2219","TRBGODE128E0785BC8","1"
"2220","TRBGOPC128F4231959","8"
"2221","TRBGOVC128F934435E","6"
"2222","TRBGOWY12903D0E2A0","10"
"2223","TRBGPCC128F428FF02","6"
"2224","TRBGPHO128F4254D34","8"
"2225","TRBGPWE128F421CCB4","6"
"2226","TRBGPYK128F42796E1","2"
"2227","TRBGPZX128F4285105","2"
"2228","TRBGQKE128F425EDC9","6"
"2229","TRBGRGT12903CC5019","6"
"2230","TRBGRIP128F147FCA6","6"
"2231","TRBGRWH128F92E3551","6"
"2232","TRBGSAQ128F1470B41","2"
"2233","TRBGTNZ128F1481BBD","2"
"2234","TRBGTPK128F429E5D5","1"
"2235","TRBGTZD128EF34B6C3","6"
"2236","TRBGUHX128F4279757","1"
"2237","TRBGUSS128F92F94BB","1"
"2238","TRBGUTI128E07872F0","1"
"2239","TRBGUUE128F1494FB6","1"
"2240","TRBGUUF128F9334B97","2"
"2241","TRBGWEG12903CFF7EE","6"
"2242","TRBGWGD128F42418B2","6"
"2243","TRBGWJB128F4275C7B","3"
"2244","TRBGWQG128F92FB42D","1"
"2245","TRBGWVI128E0788AE7","1"
"2246","TRBGWWM12903CCE627","1"
"2247","TRBGXHJ128F93302C7","1"
"2248","TRBGXHS128F426B568","2"
"2249","TRBGXWM128F428E59A","2"
"2250","TRBGYCS128F4277187","10"
"2251","TRBGYSS128F1487760","2"
"2252","TRBGZKO128F92DB016","1"
"2253","TRBGZLM128F4221E63","10"
"2254","TRBHAAK128F92E27BF","1"
"2255","TRBHAFV128F425D48E","1"
"2256","TRBHAUR128F147481A","6"
"2257","TRBHBGB128F931E4CF","1"
"2258","TRBHCQA128F149F192","6"
"2259","TRBHCXR128F92E7D0E","6"
"2260","TRBHDGL128F42324A7","10"
"2261","TRBHDTL128F1468F7D","1"
"2262","TRBHEBY128F148CF2B","6"
"2263","TRBHEVR128F4263CE0","6"
"2264","TRBHFBL128F14537D2","1"
"2265","TRBHFDA128F4270728","1"
"2266","TRBHGDD128F1486C2E","1"
"2267","TRBHGKH128F427FB11","2"
"2268","TRBHGUK128E078E031","6"
"2269","TRBHGVH128F148AD73","1"
"2270","TRBHHFG128F93353FE","2"
"2271","TRBHHMI128F426779C","1"
"2272","TRBHHUC128F4294C6F","1"
"2273","TRBHHWQ128F93321AB","1"
"2274","TRBHIJC128F92E55E2","1"
"2275","TRBHIRB128F1452ACC","6"
"2276","TRBHIVF128E078DB92","6"
"2277","TRBHJAY128F14A9061","1"
"2278","TRBHJFG128F426C8EA","2"
"2279","TRBHJJP128F145EA12","1"
"2280","TRBHJLT128F1460832","1"
"2281","TRBHJPQ128E078ED8F","6"
"2282","TRBHJUJ128F92EBE24","6"
"2283","TRBHKCL128F425A036","1"
"2284","TRBHKKJ128F427A3B1","7"
"2285","TRBHKKK128F427E9FF","6"
"2286","TRBHKXX128F4252D02","1"
"2287","TRBHLBL12903D0137C","2"
"2288","TRBHLDQ128F423EF10","1"
"2289","TRBHLGE128F42A64E5","1"
"2290","TRBHMHM12903CD9C85","2"
"2291","TRBHMMC128F424991B","2"
"2292","TRBHMZS128F42658FF","1"
"2293","TRBHNEU128F426E873","6"
"2294","TRBHNHZ128F42A6BEF","1"
"2295","TRBHNUB12903CC2475","6"
"2296","TRBHOEV128F4279182","2"
"2297","TRBHOXV128F92FBB72","6"
"2298","TRBHPGG128F428C972","1"
"2299","TRBHQHN128F148A1B3","6"
"2300","TRBHQUM128F9309DE1","6"
"2301","TRBHQXZ128F42408ED","6"
"2302","TRBHRLX128F93466B9","2"
"2303","TRBHRME128F42537E5","1"
"2304","TRBHSDN128F4274E9F","9"
"2305","TRBHSMF128F4285B9C","6"
"2306","TRBHSVR128F9324499","6"
"2307","TRBHSWH12903D07A35","5"
"2308","TRBHTKF128F92CC5D2","1"
"2309","TRBHTOR128F428CADE","1"
"2310","TRBHTSP128F9307CC3","1"
"2311","TRBHUDB128F429A663","6"
"2312","TRBHUEU12903CB049A","6"
"2313","TRBHUPU128F4230F81","6"
"2314","TRBHUUZ128F425C46F","2"
"2315","TRBHUVB128F148ADB8","1"
"2316","TRBHWOM128F9322A72","1"
"2317","TRBHYAU128F9334703","10"
"2318","TRBHYIK128F92E210B","1"
"2319","TRBHYTA128F93425AC","2"
"2320","TRBHYYH128F42390AC","3"
"2321","TRBHZAA128F4271AE9","1"
"2322","TRBHZUN12903CA60F7","6"
"2323","TRBHZYO128E07862BE","1"
"2324","TRBIAVU128EF3493BA","1"
"2325","TRBIBAQ128F93279F5","1"
"2326","TRBIBKA128F42947BF","9"
"2327","TRBIBTU128F92FDC9D","10"
"2328","TRBIBVM128F4262E9D","6"
"2329","TRBICGT128E0792473","6"
"2330","TRBICRP128F42882BB","1"
"2331","TRBICVB128F9326B65","8"
"2332","TRBIDUD128F92FA11C","1"
"2333","TRBIDUK128F42806A4","1"
"2334","TRBIERO12903CC4BF5","2"
"2335","TRBIFGK128F92F23A2","1"
"2336","TRBIFOK128EF362D20","1"
"2337","TRBIFUD128F1495AE2","1"
"2338","TRBIGGV12903CABC77","6"
"2339","TRBIGLR128F92E87DD","6"
"2340","TRBIGRU128F145B139","6"
"2341","TRBIGRY128F42597B3","6"
"2342","TRBIGTG128F92EDBAC","1"
"2343","TRBIHAU128F425C317","1"
"2344","TRBIIEU128F9307C88","6"
"2345","TRBIIOT128F423C594","10"
"2346","TRBIIXI128F9344121","6"
"2347","TRBIJES12903CF5B12","10"
"2348","TRBIJFB128F92ED124","10"
"2349","TRBIJMU12903CF892B","1"
"2350","TRBIJYB128F14AE326","6"
